data_split,bin_type,bin_id,lower_bound,upper_bound,count,mean_pred_probability,actual_rate,calibration_gap,target,feature_set
validation,fixed_width,0,0.0013390087556471126,0.09999086398423311,35480,0.03836548379364034,0.037683201803833145,-0.0006822819898071944,win,market_free
validation,fixed_width,1,0.10001107258007838,0.19996888679063227,8164,0.13986623242802826,0.1480891719745223,0.00822293954649403,win,market_free
validation,fixed_width,2,0.20001281951550426,0.2999863706317479,2292,0.2402007861075948,0.2513089005235602,0.011108114415965403,win,market_free
validation,fixed_width,3,0.30009769416681936,0.39898588511528066,630,0.3373423162892899,0.3746031746031746,0.037260858313884704,win,market_free
validation,fixed_width,4,0.4003996333795863,0.4990631661559759,146,0.4394062574256752,0.5342465753424658,0.0948403179167906,win,market_free
validation,fixed_width,5,0.5048010839835312,0.5906412870232797,29,0.5372983580183088,0.5862068965517241,0.04890853853341526,win,market_free
validation,fixed_width,6,0.6102380442816893,0.6723560098271009,11,0.638061809800655,0.6363636363636364,-0.001698173437018613,win,market_free
test,fixed_width,0,0.0010673717230247372,0.09999394394909415,36727,0.03765070356486152,0.0384458300432924,0.0007951264784308784,win,market_free
test,fixed_width,1,0.10000107824982532,0.19997305175107094,7806,0.13927977764847807,0.1525749423520369,0.01329516470355882,win,market_free
test,fixed_width,2,0.20000920885188134,0.29986673096846495,2225,0.2403494535738169,0.2638202247191011,0.023470771145284203,win,market_free
test,fixed_width,3,0.3004102696592974,0.3998738843083059,558,0.33701940115939966,0.35125448028673834,0.014235079127338679,win,market_free
test,fixed_width,4,0.40049200668284946,0.4990099563321245,147,0.4418268360947575,0.38095238095238093,-0.06087445514237655,win,market_free
test,fixed_width,5,0.5046745706515935,0.5893508624535709,27,0.5401616611366608,0.5555555555555556,0.015393894418894827,win,market_free
test,fixed_width,6,0.6033114228540215,0.6790636669805119,7,0.6396042615521107,0.5714285714285714,-0.0681756901235393,win,market_free
latest_holdout,fixed_width,0,0.001255491336483128,0.09998881688241797,16605,0.035910845271888314,0.03806082505269497,0.0021499797808066587,win,market_free
latest_holdout,fixed_width,1,0.10000312720489768,0.19997211575508728,3309,0.14034861127067913,0.1517074644907827,0.011358853220103576,win,market_free
latest_holdout,fixed_width,2,0.20006082644146708,0.2999925922912086,1011,0.2397079862534027,0.2443125618199802,0.004604575566577507,win,market_free
latest_holdout,fixed_width,3,0.3000751173282397,0.3997064793300656,265,0.33825093181410865,0.33962264150943394,0.001371709695325296,win,market_free
latest_holdout,fixed_width,4,0.40033233658230927,0.4991669051773095,69,0.44436088241076077,0.4057971014492754,-0.03856378096148538,win,market_free
latest_holdout,fixed_width,5,0.5020816288113575,0.5964165559647285,13,0.5424297153771711,0.46153846153846156,-0.08089125383870954,win,market_free
latest_holdout,fixed_width,6,0.6215481255130494,0.6459661943920012,4,0.629385624161676,0.5,-0.12938562416167598,win,market_free
validation,quantile,0,0.0013390087556471126,0.011055358545611934,4676,0.007583755141369354,0.00427715996578272,-0.0033065951755866336,win,market_free
validation,quantile,1,0.011058320927971925,0.01760021665287782,4675,0.014325672972244326,0.011550802139037433,-0.002774870833206893,win,market_free
validation,quantile,2,0.017600965279200218,0.025256468897209564,4675,0.02133454368365283,0.020320855614973262,-0.0010136880686795677,win,market_free
validation,quantile,3,0.025262130011520317,0.03448201794809279,4675,0.029729149553301082,0.025668449197860963,-0.004060700355440119,win,market_free
validation,quantile,4,0.034482742668419455,0.045895360282931855,4675,0.039903639503460576,0.03893048128342246,-0.0009731582200381145,win,market_free
validation,quantile,5,0.04589898788831349,0.0612128733382241,4676,0.05318373906914955,0.04897348160821215,-0.004210257460937401,win,market_free
validation,quantile,6,0.06121383346446406,0.08281214731775531,4675,0.07144509501756036,0.07743315508021391,0.005988060062653552,win,market_free
validation,quantile,7,0.08282116136932267,0.11442830499847643,4675,0.09763070482650989,0.10245989304812834,0.004829188221618458,win,market_free
validation,quantile,8,0.11443322651939418,0.16950386538890458,4675,0.13867190204751745,0.1443850267379679,0.005713124690450461,win,market_free
validation,quantile,9,0.16951364889548168,0.6723560098271009,4675,0.24337554704981598,0.266096256684492,0.022720709634676012,win,market_free
test,quantile,0,0.0010673717230247372,0.01052111502564143,4750,0.007299299239082377,0.004,-0.0032992992390823766,win,market_free
test,quantile,1,0.01052218435358752,0.016551775290696024,4750,0.013485061972988741,0.012842105263157894,-0.000642956709830847,win,market_free
test,quantile,2,0.016557009608865778,0.02355340929799244,4750,0.019976566573973512,0.01831578947368421,-0.0016607771002893033,win,market_free
test,quantile,3,0.02355490400927694,0.0325845189812247,4749,0.027908228433055304,0.029479890503263845,0.0015716620702085418,win,market_free
test,quantile,4,0.032586811612706816,0.043779881801378366,4750,0.03789575503001309,0.03936842105263158,0.0014726660226184879,win,market_free
test,quantile,5,0.043781115954301696,0.05910411779351634,4750,0.05101337537041596,0.05052631578947368,-0.0004870595809422784,win,market_free
test,quantile,6,0.059108630474840475,0.07912386787988082,4749,0.06829884328030134,0.07159401979364077,0.0032951765133394373,win,market_free
test,quantile,7,0.0791314557111785,0.10937660590670743,4750,0.0932449820231424,0.10189473684210526,0.008649754818962865,win,market_free
test,quantile,8,0.10937920550554554,0.16347435265610707,4750,0.1332421122522989,0.13978947368421052,0.006547361431911619,win,market_free
test,quantile,9,0.16348850483013563,0.6790636669805119,4749,0.23757127311561024,0.260897030953885,0.023325757838274758,win,market_free
latest_holdout,quantile,0,0.001255491336483128,0.009942964121296093,2128,0.006931082003995392,0.002349624060150376,-0.004581457943845017,win,market_free
latest_holdout,quantile,1,0.009945464311384114,0.015403534626867835,2128,0.012632787575093552,0.010808270676691729,-0.0018245168984018234,win,market_free
latest_holdout,quantile,2,0.015404314849676947,0.021814419094762845,2127,0.018522570518027,0.015044663845792195,-0.0034779066722348036,win,market_free
latest_holdout,quantile,3,0.02181522824021584,0.029736772653335557,2128,0.025571101298099003,0.024906015037593984,-0.0006650862605050191,win,market_free
latest_holdout,quantile,4,0.02973967978314497,0.0404428740085435,2127,0.03481637084704256,0.03244005641748942,-0.0023763144295531405,win,market_free
latest_holdout,quantile,5,0.04044871943882946,0.05508249059555247,2128,0.0473063818511925,0.047932330827067667,0.0006259489758751666,win,market_free
latest_holdout,quantile,6,0.05508678273889381,0.07559176500085422,2128,0.06444142495170652,0.07612781954887218,0.011686394597165667,win,market_free
latest_holdout,quantile,7,0.07561514401033287,0.10713730707632232,2127,0.09027676008749842,0.11001410437235543,0.019737344284857003,win,market_free
latest_holdout,quantile,8,0.10716318605406018,0.16399189486545449,2128,0.13305415319741662,0.14708646616541354,0.014032312967996924,win,market_free
latest_holdout,quantile,9,0.16399629620978654,0.6459661943920012,2127,0.2399943842281449,0.24165491302303715,0.0016605287948922576,win,market_free
validation,fixed_width,0,0.0008201395758104372,0.09999852125518718,35858,0.03716879087175106,0.03787160466283675,0.0007028137910856866,win,market_history
validation,fixed_width,1,0.10000212090800542,0.1999235430602457,7848,0.1400605391660034,0.14933741080530072,0.00927687163929733,win,market_history
validation,fixed_width,2,0.20004192403018944,0.29999664777193014,2175,0.2407757094511613,0.26804597701149424,0.027270267560332934,win,market_history
validation,fixed_width,3,0.3000162826462531,0.3986132003109563,649,0.33844939544097213,0.349768875192604,0.011319479751631889,win,market_history
validation,fixed_width,4,0.4001108591360202,0.49994564072101005,164,0.4397574850717928,0.5060975609756098,0.06634007590381696,win,market_history
validation,fixed_width,5,0.5030694582973406,0.5953712761456242,41,0.5416049976063075,0.7073170731707317,0.16571207556442413,win,market_history
validation,fixed_width,6,0.6022180092090368,0.6893884391877789,17,0.6352939665848888,0.47058823529411764,-0.16470573129077115,win,market_history
test,fixed_width,0,0.0006971197923626117,0.09996966980821397,37104,0.036089865951957664,0.03902544200086244,0.0029355760489047783,win,market_history
test,fixed_width,1,0.1000114813965488,0.19999951504442304,7529,0.13941138394835126,0.15659450126178776,0.017183117313436497,win,market_history
test,fixed_width,2,0.20004356587744163,0.2999654581662203,2079,0.2401768795413772,0.2635882635882636,0.02341138404688639,win,market_history
test,fixed_width,3,0.3000434070559372,0.3999943672137189,556,0.33801603758365334,0.3381294964028777,0.00011345881922436574,win,market_history
test,fixed_width,4,0.40049244394258265,0.4995383546044665,171,0.4406498576442118,0.4152046783625731,-0.025445179281638697,win,market_history
test,fixed_width,5,0.5012709922071811,0.5977861006432847,45,0.5376039762139005,0.4222222222222222,-0.11538175399167833,win,market_history
test,fixed_width,6,0.6054635834740568,0.6786196970076115,11,0.6312423959286749,0.7272727272727273,0.09603033134405237,win,market_history
test,fixed_width,7,0.7118640279817545,0.7506164530241876,2,0.731240240502971,0.0,-0.731240240502971,win,market_history
latest_holdout,fixed_width,0,0.0009449264452156856,0.09996527436673917,16828,0.03429968054676439,0.03880437366294272,0.004504693116178328,win,market_history
latest_holdout,fixed_width,1,0.1000001761566076,0.19977726262434461,3125,0.14036142520658787,0.15712,0.01675857479341214,win,market_history
latest_holdout,fixed_width,2,0.20013964782080654,0.2999838776001159,934,0.2408434538426812,0.24732334047109208,0.006479886628410897,win,market_history
latest_holdout,fixed_width,3,0.3000107384975649,0.39995035019101727,286,0.339506768457413,0.3006993006993007,-0.038807467758112335,win,market_history
latest_holdout,fixed_width,4,0.401443578503494,0.49506950534781863,66,0.43512830151753606,0.45454545454545453,0.019417153027918466,win,market_history
latest_holdout,fixed_width,5,0.5010985834920005,0.5974517949045014,29,0.5471593425856212,0.4482758620689655,-0.09888348051665563,win,market_history
latest_holdout,fixed_width,6,0.6027320336854697,0.6595356270193484,7,0.6249436055675442,0.2857142857142857,-0.33922931985325855,win,market_history
latest_holdout,fixed_width,7,0.7380336547225937,0.7380336547225937,1,0.7380336547225937,1.0,0.26196634527740625,win,market_history
validation,quantile,0,0.0008201395758104372,0.00917513216035361,4676,0.006025228547704134,0.003421727972626176,-0.0026035005750779583,win,market_history
validation,quantile,1,0.009176471130858815,0.015865992175789646,4675,0.012411007889018126,0.01090909090909091,-0.0015019169799272165,win,market_history
validation,quantile,2,0.015867702010584465,0.02336491016560206,4675,0.019530013687082324,0.018609625668449196,-0.0009203880186331274,win,market_history
validation,quantile,3,0.02336556068696761,0.03244787973571863,4675,0.027819345664278235,0.02588235294117647,-0.0019369927231017645,win,market_history
validation,quantile,4,0.03244963418902699,0.0442077676167552,4675,0.03812893445841429,0.0374331550802139,-0.0006957793782003882,win,market_history
validation,quantile,5,0.04420853067073939,0.05951481607333572,4676,0.05145954387974055,0.05089820359281437,-0.0005613402869261777,win,market_history
validation,quantile,6,0.05951602219265229,0.08072746365700735,4675,0.06946153945178671,0.07850267379679145,0.00904113434500474,win,market_history
validation,quantile,7,0.08073173021694,0.11242102433307041,4675,0.0952730292072439,0.10374331550802139,0.008470286300777494,win,market_history
validation,quantile,8,0.11242352610890491,0.16749588385418582,4675,0.13642995967835667,0.1493048128342246,0.012874853155867921,win,market_history
validation,quantile,9,0.1675174506792527,0.6893884391877789,4675,0.24515187566785296,0.2613903743315508,0.016238498663697865,win,market_history
test,quantile,0,0.0006971197923626117,0.008432142484257455,4750,0.005634298729797079,0.0035789473684210526,-0.0020553513613760263,win,market_history
test,quantile,1,0.008432356710075185,0.014385165857358308,4750,0.011338506668460452,0.014736842105263158,0.0033983354368027057,win,market_history
test,quantile,2,0.014385627284204314,0.021653054659399564,4750,0.017909845209107943,0.016421052631578947,-0.001488792577528996,win,market_history
test,quantile,3,0.02165424811684806,0.030273709104531137,4749,0.025810255378285588,0.02695304274584123,0.0011427873675556414,win,market_history
test,quantile,4,0.03027593366222152,0.04161952780080142,4750,0.035708256486212515,0.04,0.004291743513787485,win,market_history
test,quantile,5,0.04162052333303554,0.05623906665570117,4750,0.048627984164151004,0.048842105263157895,0.00021412109900689064,win,market_history
test,quantile,6,0.056239615940193714,0.07637802166350219,4749,0.06580437888319558,0.07412086755106338,0.0083164886678678,win,market_history
test,quantile,7,0.0763816950564403,0.10669115612721286,4750,0.09055279625270338,0.1,0.009447203747296629,win,market_history
test,quantile,8,0.10670399229392626,0.16102236225457994,4750,0.13059919244212875,0.14126315789473684,0.010663965452608087,win,market_history
test,quantile,9,0.16102383127547276,0.7506164530241876,4749,0.23838307412764287,0.262792166771952,0.024409092644309127,win,market_history
latest_holdout,quantile,0,0.0009449264452156856,0.007932526393791365,2128,0.005313250599055904,0.0042293233082706765,-0.0010839272907852276,win,market_history
latest_holdout,quantile,1,0.00793440534441189,0.013221155106891811,2128,0.010506678909821687,0.011278195488721804,0.000771516578900117,win,market_history
latest_holdout,quantile,2,0.01322144271720212,0.019657470202362283,2127,0.01637768841739269,0.013164080865068171,-0.0032136075523245197,win,market_history
latest_holdout,quantile,3,0.019659214049053735,0.027137949257544796,2128,0.023220877015934015,0.01832706766917293,-0.004893809346761084,win,market_history
latest_holdout,quantile,4,0.027143963225725938,0.03764062679189437,2127,0.03208477801486468,0.03385049365303244,0.0017657156381677627,win,market_history
latest_holdout,quantile,5,0.03764686641595349,0.05196551932856485,2128,0.044508860481009334,0.049342105263157895,0.004833244782148562,win,market_history
latest_holdout,quantile,6,0.05197550342014841,0.07274441102342369,2128,0.06161515202279441,0.07518796992481203,0.013572817902017614,win,market_history
latest_holdout,quantile,7,0.07274804099587068,0.10372965988509221,2127,0.08690402816432886,0.11095439586271744,0.024050367698388572,win,market_history
latest_holdout,quantile,8,0.10374997533200876,0.1611117984022491,2128,0.12932951917940297,0.14473684210526316,0.015407322925860195,win,market_history
latest_holdout,quantile,9,0.16112493416683052,0.7380336547225937,2127,0.24237021236232087,0.24729666196520922,0.00492644960288835,win,market_history
validation,fixed_width,0,0.000782871387963937,0.09998359901855762,35918,0.03569453870024148,0.035692410490561835,-2.1282096796457206e-6,win,market_aware
validation,fixed_width,1,0.10000875914739622,0.19997617496820708,7485,0.13947129807951733,0.1531062124248497,0.013634914345332372,win,market_aware
validation,fixed_width,2,0.20004501774991923,0.2999687565627887,2248,0.24075628026008694,0.25756227758007116,0.016805997319984223,win,market_aware
validation,fixed_width,3,0.3000087125923977,0.39923915260271087,735,0.33970004275250326,0.3564625850340136,0.016762542281510362,win,market_aware
validation,fixed_width,4,0.40013702980244326,0.4996997451570839,227,0.4449215680425872,0.45374449339207046,0.008822925349483257,win,market_aware
validation,fixed_width,5,0.5013579074980191,0.5992203969277135,94,0.5491956636756764,0.6702127659574468,0.12101710228177043,win,market_aware
validation,fixed_width,6,0.6001043281559518,0.6926948706234687,39,0.635387242713445,0.5641025641025641,-0.07128467861088095,win,market_aware
validation,fixed_width,7,0.7091086289878734,0.791913129430867,6,0.7355590210707267,0.5,-0.23555902107072668,win,market_aware
test,fixed_width,0,0.0009252021230560433,0.09998934038290838,37186,0.03535413340074813,0.03794438767278008,0.0025902542720319457,win,market_aware
test,fixed_width,1,0.10000060695626253,0.19998219599877068,7257,0.1396790814435128,0.15212897891690783,0.012449897473395033,win,market_aware
test,fixed_width,2,0.20005837792091372,0.2998214669787003,2101,0.24124103269845146,0.28129462160875773,0.040053588910306276,win,market_aware
test,fixed_width,3,0.30012091315955847,0.39992192416960115,645,0.33919778712767157,0.34108527131782945,0.0018874841901578843,win,market_aware
test,fixed_width,4,0.4004204815596779,0.4993645331904408,190,0.44481274451012637,0.37894736842105264,-0.06586537608907372,win,market_aware
test,fixed_width,5,0.5009575359576249,0.5963488785702794,81,0.5454930934565619,0.5185185185185185,-0.02697457493804345,win,market_aware
test,fixed_width,6,0.6001896485031344,0.6915088803762636,34,0.6374587541137047,0.5882352941176471,-0.049223459996057595,win,market_aware
test,fixed_width,7,0.7055314741930759,0.7336314137513068,3,0.7207014134055808,0.3333333333333333,-0.3873680800722475,win,market_aware
latest_holdout,fixed_width,0,0.0009486634389814365,0.09994318998958739,16826,0.03324363228605241,0.03601569000356591,0.0027720577175134944,win,market_aware
latest_holdout,fixed_width,1,0.10002038858910539,0.19998699305945195,2990,0.14054824326868384,0.15451505016722408,0.01396680689854024,win,market_aware
latest_holdout,fixed_width,2,0.2000372677475094,0.2994104527239526,996,0.24238380123509354,0.2680722891566265,0.02568848792153297,win,market_aware
latest_holdout,fixed_width,3,0.30011215743096803,0.3997784874012871,310,0.3428981337366988,0.3225806451612903,-0.020317488575408493,win,market_aware
latest_holdout,fixed_width,4,0.4002628639102508,0.49500300048328394,90,0.4462595664361822,0.4222222222222222,-0.024037344213959977,win,market_aware
latest_holdout,fixed_width,5,0.5005925819464665,0.5972017172560679,50,0.5386907176092303,0.48,-0.05869071760923028,win,market_aware
latest_holdout,fixed_width,6,0.6004327966388288,0.6777965424499864,12,0.6367812211338266,0.75,0.11321877886617338,win,market_aware
latest_holdout,fixed_width,7,0.7052813338483922,0.7448362761462713,2,0.7250588049973318,0.5,-0.22505880499733177,win,market_aware
validation,quantile,0,0.000782871387963937,0.007442698547757659,4676,0.004918428690179136,0.00213857998289136,-0.002779848707287776,win,market_aware
validation,quantile,1,0.007442863270555799,0.013772511108954125,4675,0.010419065269755683,0.011336898395721925,0.0009178331259662425,win,market_aware
validation,quantile,2,0.01377308801717485,0.02150000410073003,4675,0.01748394473884392,0.015187165775401069,-0.0022967789634428526,win,market_aware
validation,quantile,3,0.02150092907543891,0.030785530180374332,4675,0.02594721040908968,0.023529411764705882,-0.0024177986443837986,win,market_aware
validation,quantile,4,0.03078894707410907,0.042446009670845525,4675,0.03636301956567036,0.037005347593582885,0.000642328027912524,win,market_aware
validation,quantile,5,0.04244983071015038,0.05809956721883784,4676,0.049974367849517844,0.04790419161676647,-0.0020701762327513737,win,market_aware
validation,quantile,6,0.05810236977216427,0.07970710931377298,4675,0.06812620552177298,0.07165775401069518,0.0035315484889222037,win,market_aware
validation,quantile,7,0.07970736072057077,0.11161498679698814,4675,0.09451931754162202,0.10566844919786096,0.011149131656238945,win,market_aware
validation,quantile,8,0.11161525489446873,0.1707235955598564,4675,0.1374626749653982,0.14759358288770053,0.010130907922302312,win,market_aware
validation,quantile,9,0.17074629907229502,0.791913129430867,4675,0.2603855320225066,0.27807486631016043,0.017689334287653846,win,market_aware
test,quantile,0,0.0009252021230560433,0.007277784358199754,4750,0.004821339933939333,0.0029473684210526317,-0.0018739715128867013,win,market_aware
test,quantile,1,0.007278239278276214,0.0132131407012764,4750,0.010113341552823634,0.009263157894736843,-0.0008501836580867908,win,market_aware
test,quantile,2,0.013213733064228099,0.020543991425343616,4750,0.016736519346841457,0.017052631578947368,0.0003161122321059112,win,market_aware
test,quantile,3,0.020548184572774585,0.029427037540045838,4749,0.02481730722573592,0.02505790692777427,0.00024059970203834866,win,market_aware
test,quantile,4,0.029427225739142426,0.04058227261738436,4750,0.034702174035683604,0.03621052631578947,0.0015083522801058666,win,market_aware
test,quantile,5,0.0405835743523926,0.05573553799174041,4750,0.047810699792227594,0.051157894736842104,0.0033471949446145094,win,market_aware
test,quantile,6,0.055739818347918454,0.07608184661346577,4749,0.06542524924242595,0.06801431880395872,0.002589069561532778,win,market_aware
test,quantile,7,0.07608244592781485,0.1065365736929507,4750,0.0900177302023795,0.10568421052631578,0.015666480323936277,win,market_aware
test,quantile,8,0.10654455072090513,0.16282086275750995,4750,0.13130497655906445,0.1383157894736842,0.007010812914619746,win,market_aware
test,quantile,9,0.1628301119453745,0.7336314137513068,4749,0.2493737276380746,0.2750052642661613,0.025631536628086676,win,market_aware
latest_holdout,quantile,0,0.0009486634389814365,0.006341137569194322,2128,0.004270763719417374,0.0037593984962406013,-0.0005113652231767728,win,market_aware
latest_holdout,quantile,1,0.006341954000412402,0.011569935672249693,2128,0.00883519062102256,0.007988721804511278,-0.0008464688165112817,win,market_aware
latest_holdout,quantile,2,0.011570736314274719,0.018245503133831074,2127,0.014817673312443139,0.014104372355430184,-0.000713300957012955,win,market_aware
latest_holdout,quantile,3,0.018248431561500154,0.0262106844592912,2128,0.022043888883828473,0.023966165413533833,0.00192227652970536,win,market_aware
latest_holdout,quantile,4,0.02621296312075215,0.03649193086111234,2127,0.031039902209943526,0.029619181946403384,-0.0014207202635401414,win,market_aware
latest_holdout,quantile,5,0.036495872714255875,0.05142982832631896,2128,0.04351595985064215,0.048402255639097745,0.004886295788455598,win,market_aware
latest_holdout,quantile,6,0.0514358917484524,0.0721975771407866,2128,0.06111469890834344,0.06766917293233082,0.006554474023987386,win,market_aware
latest_holdout,quantile,7,0.07220416496224881,0.10323435809229144,2127,0.08658982875333905,0.10390220968500236,0.017312380931663304,win,market_aware
latest_holdout,quantile,8,0.10328278830130166,0.16555747431729081,2128,0.13113963071303905,0.13956766917293234,0.008428038459893289,win,market_aware
latest_holdout,quantile,9,0.16568673540490023,0.7448362761462713,2127,0.2563540242398453,0.2693935119887165,0.013039487748871204,win,market_aware
validation,fixed_width,0,0.0034374114031672162,0.09998582338989562,14482,0.056840850751948106,0.05296229802513465,-0.003878552726813457,place,market_free
validation,fixed_width,1,0.10000243683520865,0.1999857088967656,12589,0.1461055883797809,0.15148145206132338,0.00537586368154247,place,market_free
validation,fixed_width,2,0.2000042545998229,0.2999546782139667,8128,0.2466429401444019,0.2679625984251969,0.021319658280794962,place,market_free
validation,fixed_width,3,0.3000099860992335,0.3999723880631205,5140,0.3463286275605714,0.37042801556420235,0.024099388003630928,place,market_free
validation,fixed_width,4,0.40000045612662816,0.49999018126013217,3262,0.44600751187627347,0.46689147762109134,0.02088396574481788,place,market_free
validation,fixed_width,5,0.5001313729490457,0.5999949389027818,1911,0.5442989773381203,0.5782312925170068,0.03393231517888651,place,market_free
validation,fixed_width,6,0.6000552796422169,0.6998839191986657,895,0.6432834733261343,0.6793296089385474,0.0360461356124131,place,market_free
validation,fixed_width,7,0.7001095183943111,0.7988007722699166,301,0.7346343655460856,0.8106312292358804,0.07599686368979475,place,market_free
validation,fixed_width,8,0.8003404453553687,0.8738775542044706,44,0.8233562511713953,0.8636363636363636,0.04028011246496832,place,market_free
test,fixed_width,0,0.003175664025776881,0.09999525382273936,15850,0.056427741531325404,0.056277602523659306,-0.00015013900766609745,place,market_free
test,fixed_width,1,0.10000093971521504,0.1999917020766066,12761,0.14602550373627735,0.16425045059164642,0.018224946855369073,place,market_free
test,fixed_width,2,0.2000317494240076,0.2999830464924994,7887,0.24575295974396805,0.26321795359452266,0.01746499385055461,place,market_free
test,fixed_width,3,0.3000360342130936,0.39999577689060684,5024,0.3454278281550835,0.3801751592356688,0.03474733108058531,place,market_free
test,fixed_width,4,0.40000506900068433,0.4999343652535021,3106,0.4456653958242664,0.47907276239536384,0.03340736657109744,place,market_free
test,fixed_width,5,0.5000022497763155,0.5999571700927981,1751,0.5459213469798755,0.5870930896630497,0.04117174268317425,place,market_free
test,fixed_width,6,0.6000173524402939,0.6997585364824693,831,0.6423171223386951,0.6690734055354994,0.026756283196804342,place,market_free
test,fixed_width,7,0.700169539586401,0.7962944112864625,258,0.7382294719689247,0.7906976744186046,0.05246820244967987,place,market_free
test,fixed_width,8,0.8014175170002786,0.8949095577068502,29,0.8301690331430068,0.896551724137931,0.06638269099492422,place,market_free
latest_holdout,fixed_width,0,0.0022407325328682877,0.09999273797107826,7772,0.054866601049373714,0.050051466803911475,-0.0048151342454622395,place,market_free
latest_holdout,fixed_width,1,0.10000185344387989,0.19996619722213307,5539,0.14564495479237857,0.15724860083047482,0.011603646038096244,place,market_free
latest_holdout,fixed_width,2,0.20002294151361472,0.29992076237683524,3189,0.2469869495365058,0.2910003135779241,0.04401336404141831,place,market_free
latest_holdout,fixed_width,3,0.30007557570713717,0.3998904251757826,2056,0.3471233904716545,0.384727626459144,0.037604235987489465,place,market_free
latest_holdout,fixed_width,4,0.40014863159549763,0.49993940032011436,1330,0.4461115671570058,0.49097744360902257,0.044865876452016784,place,market_free
latest_holdout,fixed_width,5,0.5000066479725542,0.5998917533680636,799,0.5442043246090246,0.574468085106383,0.03026376049735846,place,market_free
latest_holdout,fixed_width,6,0.6000327037242653,0.6999743760560271,435,0.6433753641304262,0.6528735632183909,0.009498199087964676,place,market_free
latest_holdout,fixed_width,7,0.700257074804266,0.7999048492384946,147,0.7379850049295026,0.7959183673469388,0.057933362417436185,place,market_free
latest_holdout,fixed_width,8,0.8016581133140993,0.8378957793271297,9,0.8187276046004199,0.8888888888888888,0.0701612842884689,place,market_free
validation,quantile,0,0.0034374114031672162,0.042839553426983396,4676,0.027952907007605655,0.020744225834046195,-0.00720868117355946,place,market_free
validation,quantile,1,0.04284701341156233,0.06923116766740167,4675,0.055666610261922975,0.04855614973262032,-0.007110460529302656,place,market_free
validation,quantile,2,0.06923715952194322,0.09712786231831183,4675,0.08284418803392332,0.08598930481283422,0.0031451167789108975,place,market_free
validation,quantile,3,0.09713085177483183,0.12872758231983228,4675,0.11241986402232924,0.10909090909090909,-0.0033289549314201583,place,market_free
validation,quantile,4,0.12873522703037057,0.16545897942497567,4675,0.1465265877498394,0.15315508021390375,0.006628492464064356,place,market_free
validation,quantile,5,0.16546306939299762,0.21037158711068543,4676,0.18707273895215593,0.20209580838323354,0.015023069431077618,place,market_free
validation,quantile,6,0.2103752362716127,0.2652422468335891,4675,0.23661675037110302,0.25625668449197864,0.019639934120875613,place,market_free
validation,quantile,7,0.2652465290850847,0.3378760068433446,4675,0.2990172827091456,0.32,0.02098271729085438,place,market_free
validation,quantile,8,0.33787672103884425,0.44741211029745237,4675,0.38812036707281694,0.4160427807486631,0.027922413675846136,place,market_free
validation,quantile,9,0.44744098416985273,0.8738775542044706,4675,0.5547238946968489,0.585668449197861,0.030944554501012078,place,market_free
test,quantile,0,0.003175664025776881,0.040438785295473435,4750,0.026752445551282658,0.02273684210526316,-0.004015603446019499,place,market_free
test,quantile,1,0.04044575143760921,0.0642521306641329,4750,0.05240363913711266,0.05136842105263158,-0.0010352180844810863,place,market_free
test,quantile,2,0.06425243139194489,0.09012834602754281,4750,0.07710519444104545,0.08252631578947368,0.005421121348428232,place,market_free
test,quantile,3,0.09014066027927818,0.12025922375795989,4749,0.1049515889973609,0.11139187197304695,0.006440282975686051,place,market_free
test,quantile,4,0.12026765079561356,0.1567406296682907,4750,0.13753277607612452,0.15747368421052632,0.019940908134401802,place,market_free
test,quantile,5,0.15674796737643595,0.19873811650132736,4750,0.17716704863731503,0.20021052631578948,0.02304347767847445,place,market_free
test,quantile,6,0.19874749802789327,0.2523327403672609,4749,0.22460349085200784,0.24468309117708992,0.020079600325082075,place,market_free
test,quantile,7,0.25233491775227757,0.3242265558321656,4750,0.286634755947261,0.30757894736842106,0.020944191421160052,place,market_free
test,quantile,8,0.32425129828349125,0.4332945008484334,4750,0.37422179845050024,0.4048421052631579,0.03062030681265765,place,market_free
test,quantile,9,0.43332693621315915,0.8949095577068502,4749,0.5430094420170094,0.5807538429142978,0.037744400897288366,place,market_free
latest_holdout,quantile,0,0.0022407325328682877,0.03663476586856876,2128,0.0242325293606442,0.015037593984962405,-0.009194935375681796,place,market_free
latest_holdout,quantile,1,0.03664463900429563,0.05797988583126917,2128,0.04731228166535584,0.041353383458646614,-0.005958898206709223,place,market_free
latest_holdout,quantile,2,0.05798514955320009,0.08179531344176802,2127,0.06969725675473627,0.06535025858015985,-0.0043469981745764275,place,market_free
latest_holdout,quantile,3,0.08180234869982966,0.1098859059476534,2128,0.0955784777952106,0.10056390977443609,0.004985431979225491,place,market_free
latest_holdout,quantile,4,0.10988713843119906,0.1447182241834695,2127,0.12670034413383927,0.1377527033380348,0.011052359204195533,place,market_free
latest_holdout,quantile,5,0.14473387805874352,0.18815509552532445,2128,0.1663728527208349,0.17340225563909775,0.007029402918262845,place,market_free
latest_holdout,quantile,6,0.18815519698520533,0.2451847592430052,2128,0.21449932915626882,0.2542293233082707,0.039729994152001874,place,market_free
latest_holdout,quantile,7,0.2452080382212696,0.32243938244398473,2127,0.2815844971475392,0.3234602726845322,0.04187577553699301,place,market_free
latest_holdout,quantile,8,0.32245676215502167,0.4402217887827759,2128,0.3760131140325698,0.4205827067669173,0.04456959273434746,place,market_free
latest_holdout,quantile,9,0.44032041636768326,0.8378957793271297,2127,0.5526035624101658,0.5834508697696286,0.030847307359462728,place,market_free
validation,fixed_width,0,0.0016683433146136239,0.09999340260630885,15305,0.05426433692496302,0.05396929108134597,-0.00029504584361705194,place,market_history
validation,fixed_width,1,0.10000144825713393,0.19999053850109577,12203,0.14627348927750497,0.15701057117102352,0.010737081893518546,place,market_history
validation,fixed_width,2,0.2000154433798576,0.29999818977618775,7916,0.2469684784652962,0.2702122283981809,0.023243749932884666,place,market_history
validation,fixed_width,3,0.3000144354718387,0.39998632960040453,4979,0.3463383211677164,0.3801968266720225,0.03385850550430608,place,market_history
validation,fixed_width,4,0.400014233661115,0.49998780072235394,3194,0.4471331742984531,0.4627426424546024,0.015609468156149275,place,market_history
validation,fixed_width,5,0.500024483657322,0.5999881454164839,1863,0.5449770568924047,0.5925925925925926,0.04761553570018784,place,market_history
validation,fixed_width,6,0.6000144863324233,0.6999917586564945,885,0.6431861579035905,0.6610169491525424,0.017830791248951927,place,market_history
validation,fixed_width,7,0.7000931340626265,0.7996364822368969,347,0.7395742035385932,0.8069164265129684,0.0673422229743752,place,market_history
validation,fixed_width,8,0.8020963770197347,0.8878805585920195,60,0.835785344910669,0.8833333333333333,0.04754798842266428,place,market_history
test,fixed_width,0,0.0016839697573442177,0.09999614480354609,16862,0.053384776641875825,0.05770371248962163,0.004318935847745807,place,market_history
test,fixed_width,1,0.10000098915737726,0.19999566091874357,12415,0.14610346060893684,0.1747885622231172,0.028685101614180364,place,market_history
test,fixed_width,2,0.20001798221947903,0.2999821997742161,7639,0.2461918863249634,0.2730723916743029,0.02688050534933953,place,market_history
test,fixed_width,3,0.30000192055355396,0.3999292262740186,4799,0.3459301047056295,0.3821629506147114,0.03623284590908188,place,market_history
test,fixed_width,4,0.40008513226898645,0.49985262906182437,2920,0.444983353415767,0.4780821917808219,0.033098838365054895,place,market_history
test,fixed_width,5,0.500030278034805,0.5999070828053716,1695,0.5446271209846274,0.5852507374631268,0.040623616478499436,place,market_history
test,fixed_width,6,0.6000064562893856,0.6999529366444869,838,0.6410627311917392,0.6754176610978521,0.034354929906112885,place,market_history
test,fixed_width,7,0.7000759493279762,0.7994562431957112,278,0.7396539018206797,0.7769784172661871,0.03732451544550741,place,market_history
test,fixed_width,8,0.8017496040432567,0.8947755756916455,51,0.8333727065368208,0.8431372549019608,0.009764548365139958,place,market_history
latest_holdout,fixed_width,0,0.001191368218171717,0.09999872262700282,8447,0.05194476240752412,0.05457558896649698,0.002630826558972864,place,market_history
latest_holdout,fixed_width,1,0.10000211918191422,0.19999293580998778,5169,0.14465478267913043,0.16792416328109885,0.023269380601968426,place,market_history
latest_holdout,fixed_width,2,0.20004312733226526,0.29996716584656685,3082,0.2451985917199134,0.29072031148604804,0.045521719766134644,place,market_history
latest_holdout,fixed_width,3,0.30002765041312385,0.39997453498073143,2003,0.3454674454872206,0.4023964053919121,0.056928959904691545,place,market_history
latest_holdout,fixed_width,4,0.4002036195796743,0.4996941223323235,1213,0.44539230165678184,0.4987633965375103,0.05337109488072844,place,market_history
latest_holdout,fixed_width,5,0.5001065878778715,0.5999247764583399,751,0.5430332198810603,0.5765645805592543,0.033531360678193955,place,market_history
latest_holdout,fixed_width,6,0.600091763205761,0.6996981438635468,428,0.6415260499950473,0.6612149532710281,0.01968890327598083,place,market_history
latest_holdout,fixed_width,7,0.7006909911533157,0.7991044892622282,155,0.7379852872517221,0.7935483870967742,0.055563099845052144,place,market_history
latest_holdout,fixed_width,8,0.8005260635780238,0.8707609037671413,28,0.831733693895787,0.8928571428571429,0.06112344896135591,place,market_history
validation,quantile,0,0.0016683433146136239,0.03755543052584473,4676,0.023895071835510054,0.020958083832335328,-0.002936988003174726,place,market_history
validation,quantile,1,0.03755611832628896,0.06305453099031691,4675,0.05016370254074008,0.04641711229946524,-0.0037465902412748414,place,market_history
validation,quantile,2,0.06307179091802019,0.09168355152584232,4675,0.07737769244626919,0.08149732620320856,0.00411963375693937,place,market_history
validation,quantile,3,0.0916838403062499,0.12365452734105065,4675,0.10735352586789479,0.11037433155080213,0.003020805682907343,place,market_history
validation,quantile,4,0.1236677884538385,0.16073091545972018,4675,0.1416566415442614,0.14524064171122994,0.003584000166968526,place,market_history
validation,quantile,5,0.16073245113110834,0.20625093650497467,4676,0.1826075104967288,0.2072284003421728,0.024620889845444,place,market_history
validation,quantile,6,0.20626812305638245,0.2614035503746315,4675,0.23278054295783904,0.25689839572192513,0.024117852764086095,place,market_history
validation,quantile,7,0.2614137276374258,0.3340472883154855,4675,0.29568788859895356,0.32171122994652407,0.026023341347570506,place,market_history
validation,quantile,8,0.3340638291543085,0.4476435213564901,4675,0.38667896443507715,0.414331550802139,0.02765258636706186,place,market_history
validation,quantile,9,0.4476683632830606,0.8878805585920195,4675,0.5582990528810003,0.5929411764705882,0.03464212358958785,place,market_history
test,quantile,0,0.0016839697573442177,0.034831211847951335,4750,0.022254802480553962,0.020421052631578947,-0.0018337498489750144,place,market_history
test,quantile,1,0.03483376603839381,0.05793184254987191,4750,0.046172398250110214,0.05284210526315789,0.006669707013047678,place,market_history
test,quantile,2,0.05793188459481111,0.0838174506706244,4750,0.07059789247124425,0.0751578947368421,0.004560002265597857,place,market_history
test,quantile,3,0.08382118662726531,0.11399063930875851,4749,0.09860628863988474,0.11244472520530638,0.013838436565421636,place,market_history
test,quantile,4,0.11399528006293229,0.15008238477975577,4750,0.13140995404994915,0.15873684210526315,0.027326888055313997,place,market_history
test,quantile,5,0.15008854539561556,0.1919337794067987,4750,0.17026461840541407,0.20021052631578948,0.029945907910375408,place,market_history
test,quantile,6,0.19195703165401878,0.2464621633872297,4749,0.21809764402230758,0.2539481996209728,0.035850555598665235,place,market_history
test,quantile,7,0.24648538883400653,0.31891602412765685,4750,0.28048101839051964,0.3065263157894737,0.02604529739895406,place,market_history
test,quantile,8,0.31893780064296967,0.4289474264145149,4750,0.3690051394743146,0.4025263157894737,0.03352117631515905,place,market_history
test,quantile,9,0.4289800972668518,0.8947755756916455,4749,0.5433244988192052,0.5807538429142978,0.037429344095092576,place,market_history
latest_holdout,quantile,0,0.001191368218171717,0.03039496993079814,2128,0.019567644179598397,0.01268796992481203,-0.006879674254786368,place,market_history
latest_holdout,quantile,1,0.03040801184645055,0.051222405690473684,2128,0.04073578988572528,0.040413533834586464,-0.00032225605113881534,place,market_history
latest_holdout,quantile,2,0.051230470544618385,0.07375528611919444,2127,0.062187451778153234,0.07052186177715092,0.008334409998997684,place,market_history
latest_holdout,quantile,3,0.07376247881991227,0.10093663851287177,2128,0.08675259719654412,0.09586466165413533,0.009112064457591218,place,market_history
latest_holdout,quantile,4,0.10098146831452053,0.13496293771700804,2127,0.11692287560387446,0.1307005171603197,0.01377764155644523,place,market_history
latest_holdout,quantile,5,0.1349808370190835,0.17828536051667032,2128,0.1560599970242573,0.18327067669172933,0.027210679667472037,place,market_history
latest_holdout,quantile,6,0.17828652142102414,0.23456211207524136,2128,0.205834818021811,0.24295112781954886,0.03711630979773786,place,market_history
latest_holdout,quantile,7,0.23459963057163302,0.31381215072601265,2127,0.27136257709100753,0.32769158439116125,0.05632900730015372,place,market_history
latest_holdout,quantile,8,0.3138234354269312,0.431265384685081,2128,0.36611964666329827,0.42387218045112784,0.057752533787829574,place,market_history
latest_holdout,quantile,9,0.4317478438475514,0.8707609037671413,2127,0.5520421618480756,0.5872120357310766,0.03516987388300097,place,market_history
validation,fixed_width,0,0.0023160662187375718,0.09999740844844467,15946,0.05201793451516364,0.05179982440737489,-0.00021811010778875067,place,market_aware
validation,fixed_width,1,0.10002035341299996,0.19999868059344247,11500,0.14605589605988342,0.1528695652173913,0.00681366915750789,place,market_aware
validation,fixed_width,2,0.20001570530612203,0.2999938185319196,7562,0.24657809517798981,0.271356783919598,0.024778688741608185,place,market_aware
validation,fixed_width,3,0.3000307969589057,0.3999865945979613,5020,0.34647235802524745,0.3691235059760956,0.02265114795084816,place,market_aware
validation,fixed_width,4,0.40000352302161185,0.4999981429017453,3128,0.4450830741636684,0.4827365728900256,0.037653498726357204,place,market_aware
validation,fixed_width,5,0.5000447810271222,0.599998627870083,1887,0.5467074067279222,0.5627980922098569,0.016090685481934708,place,market_aware
validation,fixed_width,6,0.6000159519069024,0.6998712444060605,1089,0.6453456844346277,0.6629935720844812,0.017647887649853478,place,market_aware
validation,fixed_width,7,0.7000730329786572,0.7998807727013127,494,0.742672897208289,0.7813765182186235,0.03870362101033453,place,market_aware
validation,fixed_width,8,0.8000103172330696,0.8933798953272524,123,0.8373677777603676,0.8292682926829268,-0.008099485077440849,place,market_aware
validation,fixed_width,9,0.9022753200579893,0.9070053091674624,3,0.9047637448859138,1.0,0.09523625511408618,place,market_aware
test,fixed_width,0,0.002587635432909189,0.0999957346729988,17079,0.05186641698058802,0.05439428537970607,0.0025278683991180537,place,market_aware
test,fixed_width,1,0.10000177533762,0.1999613676334413,11780,0.1458407744511001,0.16748726655348048,0.02164649210238037,place,market_aware
test,fixed_width,2,0.20000513387388746,0.2999701714613584,7665,0.2463893047063825,0.2708414872798434,0.024452182573460907,place,market_aware
test,fixed_width,3,0.3000055218436865,0.3999872248362079,4816,0.34575212057271243,0.3770764119601329,0.03132429138742049,place,market_aware
test,fixed_width,4,0.40003206654253554,0.49997873990909486,2957,0.44700175510589607,0.4832600608725059,0.03625830576660982,place,market_aware
test,fixed_width,5,0.5000249789574488,0.5999800730759582,1751,0.5455920504805586,0.5733866362078812,0.02779458572732263,place,market_aware
test,fixed_width,6,0.6001106156631255,0.6997251726458671,967,0.6434265170278096,0.6814891416752844,0.038062624647474785,place,market_aware
test,fixed_width,7,0.7002284284826399,0.7994130119206398,381,0.7413656128820033,0.7847769028871391,0.04341129000513577,place,market_aware
test,fixed_width,8,0.8010489608920253,0.8967378878440516,93,0.8385131956370832,0.8924731182795699,0.053959922642486724,place,market_aware
test,fixed_width,9,0.9018643816321809,0.9349070915407282,8,0.9149186085043244,1.0,0.08508139149567562,place,market_aware
latest_holdout,fixed_width,0,0.0019078816991373174,0.09998798013815934,8485,0.04982213135805551,0.05032410135533294,0.0005019699972774322,place,market_aware
latest_holdout,fixed_width,1,0.1000082449370801,0.19997857221730445,4858,0.1448647754338041,0.15664882667764513,0.01178405124384102,place,market_aware
latest_holdout,fixed_width,2,0.20002264450732052,0.2999334345079433,3101,0.24623325749472283,0.29377620122541115,0.04754294373068832,place,market_aware
latest_holdout,fixed_width,3,0.30013042543365376,0.3998404163449775,2036,0.3463853734711859,0.3796660117878193,0.03328063831663336,place,market_aware
latest_holdout,fixed_width,4,0.4000473391240828,0.49969186693768025,1249,0.44809404927336277,0.4835868694955965,0.03549282022223371,place,market_aware
latest_holdout,fixed_width,5,0.50005728899041,0.599755961302696,781,0.5471723097004841,0.6030729833546735,0.05590067365418938,place,market_aware
latest_holdout,fixed_width,6,0.6002472094575185,0.6999853524428509,487,0.644198457466765,0.6632443531827515,0.019045895715986583,place,market_aware
latest_holdout,fixed_width,7,0.7004924553748476,0.7992434455761427,225,0.7427880005692368,0.7955555555555556,0.0527675549863188,place,market_aware
latest_holdout,fixed_width,8,0.8006899641982856,0.8946575827220447,53,0.835861150120377,0.9433962264150944,0.10753507629471737,place,market_aware
latest_holdout,fixed_width,9,0.9043973698220702,0.9043973698220702,1,0.9043973698220702,1.0,0.0956026301779298,place,market_aware
validation,quantile,0,0.0023160662187375718,0.03276679446654248,4676,0.020157899088756325,0.016467065868263474,-0.0036908332204928507,place,market_aware
validation,quantile,1,0.032772314823578806,0.05892414975713662,4675,0.04554580283547147,0.043422459893048125,-0.002123342942423348,place,market_aware
validation,quantile,2,0.05893131836675207,0.08782438173985338,4675,0.07321064839073282,0.07508021390374331,0.001869565513010485,place,market_aware
validation,quantile,3,0.0878251539350427,0.11984150445618502,4675,0.10318103825169181,0.10524064171122995,0.002059603459538137,place,market_aware
validation,quantile,4,0.11984314563859444,0.15918474921853187,4675,0.13858930381691978,0.14566844919786096,0.007079145380941176,place,market_aware
validation,quantile,5,0.15919618332964652,0.20612788684300368,4676,0.18229320910000235,0.1941830624465355,0.011889853346533141,place,market_aware
validation,quantile,6,0.20613982132630132,0.26576884138671286,4675,0.23487326103957643,0.25518716577540107,0.020313904735824645,place,market_aware
validation,quantile,7,0.2657781961912506,0.3424781598079189,4675,0.3019889007437898,0.3341176470588235,0.03212874631503371,place,market_aware
validation,quantile,8,0.34250448677346884,0.4579211550741987,4675,0.3952561283150976,0.41946524064171126,0.024209112326613658,place,market_aware
validation,quantile,9,0.45793463472536367,0.9070053091674624,4675,0.5823502795047855,0.6087700534759358,0.026419773971150362,place,market_aware
test,quantile,0,0.002587635432909189,0.03170798581067726,4750,0.019628991503858845,0.016842105263157894,-0.002786886240700951,place,market_aware
test,quantile,1,0.0317111190309452,0.05582328295953511,4750,0.04363943086744464,0.046526315789473686,0.0028868849220290496,place,market_aware
test,quantile,2,0.055831631645628335,0.08268501109674035,4750,0.06889485056361842,0.07157894736842105,0.0026840968048026242,place,market_aware
test,quantile,3,0.08268990777588218,0.11278102160462242,4749,0.09733581391388904,0.1065487471046536,0.009212933190764563,place,market_aware
test,quantile,4,0.11278658196159255,0.15089473387245028,4750,0.13110281045639807,0.15157894736842106,0.02047613691202299,place,market_aware
test,quantile,5,0.15089783876677998,0.1960396326927252,4750,0.1725871056123883,0.20189473684210527,0.02930763122971697,place,market_aware
test,quantile,6,0.1960508283377743,0.25192122137546596,4749,0.22271596250935283,0.24552537376289746,0.02280941125354463,place,market_aware
test,quantile,7,0.2519427208333455,0.3257503229070625,4750,0.28690628512533756,0.31136842105263157,0.024462135927294015,place,market_aware
test,quantile,8,0.3257585484092458,0.4426406263399538,4750,0.37836890825894026,0.4113684210526316,0.032999512793691343,place,market_aware
test,quantile,9,0.44267653323727835,0.9349070915407282,4749,0.563135834090741,0.600336913034323,0.037201078943582044,place,market_aware
latest_holdout,quantile,0,0.0019078816991373174,0.02664099799802364,2128,0.016395211898070083,0.015037593984962405,-0.0013576179131076782,place,market_aware
latest_holdout,quantile,1,0.026644445187273616,0.04845401798647658,2128,0.03749558700366146,0.03665413533834586,-0.0008414516653155943,place,market_aware
latest_holdout,quantile,2,0.0484710614256451,0.07216036942071201,2127,0.0600049212968707,0.06676069581570286,0.006755774518832164,place,market_aware
latest_holdout,quantile,3,0.07216257744538285,0.10024859830660748,2128,0.08601252462331822,0.08505639097744361,-0.0009561336458746156,place,market_aware
latest_holdout,quantile,4,0.10025349004841834,0.13747315219208073,2127,0.11755469863816968,0.12740949694405265,0.00985479830588297,place,market_aware
latest_holdout,quantile,5,0.1374867076913921,0.18420381566643543,2128,0.15983739588382576,0.17293233082706766,0.013094934943241904,place,market_aware
latest_holdout,quantile,6,0.1842209898032379,0.24449797598616343,2128,0.21376422596228167,0.25375939849624063,0.039995172533958956,place,market_aware
latest_holdout,quantile,7,0.24454156160493826,0.3246566043472868,2127,0.28193373914922193,0.32957216737188527,0.04763842822266334,place,market_aware
latest_holdout,quantile,8,0.3247604415995508,0.44987675516038866,2128,0.38037198426650115,0.41118421052631576,0.030812226259814612,place,market_aware
latest_holdout,quantile,9,0.44987732992870477,0.9043973698220702,2127,0.5777430009999678,0.6168312176774801,0.03908821667751228,place,market_aware
