race_id,entry_id,race_date,Year,Umaban,Bamei,KettoNum,IJyoCD,SyussoTosu,KakuteiJyuni,target_win_rank,target_win_paid,target_top3_rank,target_place_by_rule,target_place_paid
2016020605010307,201602060501030701,2016-02-06,2016,1,ヴァンキッシュラン,2013105718,7,12,2,0,0,0,0,1
2016031209010509,201603120901050905,2016-03-12,2016,5,リッチーリッチー,2013110008,0,7,3,0,0,1,0,0
2016040209020308,201604020902030805,2016-04-02,2016,5,ミヤコデラックス,2009105048,0,7,3,0,0,1,0,0
2016042305020110,201604230502011004,2016-04-23,2016,4,フレージャパン,2009102413,0,6,3,0,0,1,0,0
2016061809030510,201606180903051001,2016-06-18,2016,1,タガノアザガル,2012100528,0,7,3,0,0,1,0,0
2016070302010605,201607030201060506,2016-07-03,2016,6,ラヴトワイス,2014105150,0,6,3,0,0,1,0,0
2016080604020308,201608060402030807,2016-08-06,2016,7,タケショウベスト,2014103404,0,7,3,0,0,1,0,0
2016081310020509,201608131002050903,2016-08-13,2016,3,テイエムヒッタマゲ,2014109148,0,7,3,0,0,1,0,0
2016081401010605,201608140101060503,2016-08-14,2016,3,ロードアイビス,2014101081,0,7,3,0,0,1,0,0
2016082710020910,201608271002091003,2016-08-27,2016,3,プリメラアスール,2012102682,0,7,3,0,0,1,0,0
2016082810021004,201608281002100407,2016-08-28,2016,7,グランドデザイン,2012103119,0,7,3,0,0,1,0,0
2016100209040804,201610020904080404,2016-10-02,2016,4,テイエムオドロキ,2011100637,0,7,3,0,0,1,0,0
2016101608040510,201610160804051001,2016-10-16,2016,1,サダムロードショー,2010104412,0,7,3,0,0,1,0,0
2016102908040806,201610290804080601,2016-10-29,2016,1,コウエイワンマン,2011101337,0,6,3,0,0,1,0,0
2016111208050308,201611120805030803,2016-11-12,2016,3,ウインアーマー,2012100246,0,6,3,0,0,1,0,0
2016111308050408,201611130805040802,2016-11-13,2016,2,エスケークラウン,2014104445,0,5,3,0,0,1,0,0
2016120309050105,201612030905010504,2016-12-03,2016,4,ウインドフェスタ,2014101475,0,7,3,0,0,1,0,0
2016121009050306,201612100905030601,2016-12-10,2016,1,マイネルエーポス,2014100069,0,7,3,0,0,1,0,0
2017012108010610,201701210801061002,2017-01-21,2017,2,シャイニーゲール,2014101586,0,5,3,0,0,1,0,0
2017020505010409,201702050501040903,2017-02-05,2017,3,バイガエシ,2012106023,0,6,3,0,0,1,0,0
2017022609010209,201702260901020905,2017-02-26,2017,5,キセキ,2014101976,0,7,3,0,0,1,0,0
2017032506030109,201703250603010906,2017-03-25,2017,6,ジュリエットベール,2014105701,0,7,3,0,0,1,0,0
2017042308030209,201704230803020906,2017-04-23,2017,6,ブラックジェイド,2014104595,0,7,3,0,0,1,0,0
2017051405020809,201705140502080905,2017-05-14,2017,5,プリモンディアル,2011104026,0,7,3,0,0,1,0,0
2017052008030908,201705200803090805,2017-05-20,2017,5,メイショウカミシマ,2014104329,0,7,3,0,0,1,0,0
2017052708031110,201705270803111001,2017-05-27,2017,1,ゴールドハット,2014110099,0,7,3,0,0,1,0,0
2017061109030404,201706110903040401,2017-06-11,2017,1,メイショウオトコギ,2009100502,0,7,3,0,0,1,0,0
2017061709030501,201706170903050103,2017-06-17,2017,3,タイセイソニック,2015102528,0,7,3,0,0,1,0,0
2017070802020101,201707080202010104,2017-07-08,2017,4,ダウンタウンキラリ,2015106085,0,6,3,0,0,1,0,0
2017070802020106,201707080202010604,2017-07-08,2017,4,ドナキンバリー,2015100543,0,6,3,0,0,1,0,0
2017070802020111,201707080202011103,2017-07-08,2017,3,デンコウリキ,2010101884,0,7,3,0,0,1,0,0
2017070902020201,201707090202020104,2017-07-09,2017,4,ラスエモーショネス,2015110006,0,6,3,0,0,1,0,0
2017070902020205,201707090202020502,2017-07-09,2017,2,キョウエイルフィー,2015106137,0,7,3,0,0,1,0,0
2017071502020305,201707150202030504,2017-07-15,2017,4,バリエンテ,2015102283,0,7,3,0,0,1,0,0
2017071602020409,201707160202040905,2017-07-16,2017,5,サフランハート,2013103082,0,7,3,0,0,1,0,0
2017072202020501,201707220202050106,2017-07-22,2017,6,ヒダルマ,2015100648,0,7,3,0,0,1,0,0
2017072207030709,201707220703070902,2017-07-22,2017,2,ナムラバンザイ,2015102800,0,7,3,0,0,1,0,0
2017072303020811,201707230302081101,2017-07-23,2017,1,ダノンメジャー,2012104551,0,7,3,0,0,1,0,0
2017072901010101,201707290101010107,2017-07-29,2017,7,スズカワークシップ,2015103578,0,7,3,0,0,1,0,0
2017072910020101,201707291002010106,2017-07-29,2017,6,シンゼンホープ,2015102966,0,6,3,0,0,1,0,0
2017073001010201,201707300101020105,2017-07-30,2017,5,エムケイフローラル,2015103325,0,6,3,0,0,1,0,0
2017073001010205,201707300101020501,2017-07-30,2017,1,ハルキスター,2015104067,0,7,3,0,0,1,0,0
2017073010020201,201707301002020102,2017-07-30,2017,2,カクリョウ,2015103430,0,6,3,0,0,1,0,0
2017080610020401,201708061002040112,2017-08-06,2017,12,ペイシャルアス,2015102980,7,13,2,0,0,0,0,1
2017081310020605,201708131002060501,2017-08-13,2017,1,モンサンフィエール,2015100173,0,7,3,0,0,1,0,0
2017091609040302,201709160904030203,2017-09-16,2017,3,ロードマドリード,2015102372,0,6,3,0,0,1,0,0
2017091609040308,201709160904030807,2017-09-16,2017,7,マイネルフィエスタ,2010105629,0,7,3,0,0,1,0,0
2017091806040501,201709180604050112,2017-09-18,2017,12,マイネルサリューエ,2015100020,7,14,2,0,0,0,0,1
2017091809040502,201709180904050202,2017-09-18,2017,2,ゼットジガンテ,2015106160,0,7,3,0,0,1,0,0
2017092406040701,201709240604070104,2017-09-24,2017,4,ラプターゲイル,2015102504,7,16,3,0,0,0,0,1
2017093009040806,201709300904080602,2017-09-30,2017,2,ダージリンクーラー,2015104886,0,6,3,0,0,1,0,0
2017100109040909,201710010904090905,2017-10-01,2017,5,ビップレボルシオン,2011102894,0,7,3,0,0,1,0,0
2017100708040103,201710070804010304,2017-10-07,2017,4,カフジバンガード,2015103053,0,6,3,0,0,1,0,0
2017100808040204,201710080804020404,2017-10-08,2017,4,ビコーピリラニ,2010100590,0,7,3,0,0,1,0,0
2017101404030111,201710140403011105,2017-10-14,2017,5,ヒメタチバナ,2013104536,0,7,3,0,0,1,0,0
2017101408040409,201710140804040902,2017-10-14,2017,2,ドンアルゴス,2015100533,0,6,3,0,0,1,0,0
2017101508040502,201710150804050203,2017-10-15,2017,3,カレンガリアード,2015101518,0,7,3,0,0,1,0,0
2017101508040507,201710150804050701,2017-10-15,2017,1,チャロネグロ,2014105756,0,6,3,0,0,1,0,0
2017102105040609,201710210504060905,2017-10-21,2017,5,タニノフランケル,2015110047,0,7,3,0,0,1,0,0
2017102808040809,201710280804080903,2017-10-28,2017,3,リュクスポケット,2015104780,0,7,3,0,0,1,0,0
2017110308050104,201711030805010402,2017-11-03,2017,2,ピリカクル,2015104490,0,6,3,0,0,1,0,0
2017110403030209,201711040303020901,2017-11-04,2017,1,スーサンドン,2015102849,0,7,3,0,0,1,0,0
2017110508050210,201711050805021004,2017-11-05,2017,4,ワントゥワン,2013105748,0,7,3,0,0,1,0,1
2017111805050511,201711180505051105,2017-11-18,2017,5,シャルルマーニュ,2015102692,0,7,3,0,0,1,0,0
2017120209050109,201712020905010904,2017-12-02,2017,4,リュクスポケット,2015104780,0,7,3,0,0,1,0,0
2017120306050206,201712030605020603,2017-12-03,2017,3,ピンクダイキリ,2015104572,0,7,3,0,0,1,0,0
2017121007040410,201712100704041005,2017-12-10,2017,5,マイネルエメ,2015100690,0,7,3,0,0,1,0,0
2018011408010506,201801140801050603,2018-01-14,2018,3,テーオーエナジー,2015100122,0,7,3,0,0,1,0,0
2018021808020810,201802180802081005,2018-02-18,2018,5,エントリーチケット,2014100687,0,7,3,0,0,1,0,1
2018022409010109,201802240901010903,2018-02-24,2018,3,サンタフェチーフ,2012110011,0,7,3,0,0,1,0,0
2018030409010409,201803040901040901,2018-03-04,2018,1,パンコミード,2015104999,7,11,3,0,0,0,0,1
2018042108030108,201804210803010805,2018-04-21,2018,5,ジェシー,2015104830,0,6,3,0,0,1,0,0
2018050608030609,201805060803060905,2018-05-06,2018,5,ゴールドクイーン,2015102846,0,7,3,0,0,1,0,1
2018052008031009,201805200803100901,2018-05-20,2018,1,ウインクルサルーテ,2013103727,0,7,3,0,0,1,0,1
2018062302010309,201806230201030904,2018-06-23,2018,4,メガフレア,2014103387,0,7,3,0,0,1,0,0
2018063002010505,201806300201050502,2018-06-30,2018,2,ニシノバモス,2016103442,0,7,3,0,0,1,0,0
2018070102010606,201807010201060601,2018-07-01,2018,1,アスタービーナス,2015105783,0,7,3,0,0,1,0,0
2018070702020105,201807070202010502,2018-07-07,2018,2,ショウブ,2016103281,0,7,3,0,0,1,0,0
2018070702020106,201807070202010603,2018-07-07,2018,3,テロワール,2016106100,0,7,3,0,0,1,0,0
2018070802020205,201807080202020501,2018-07-08,2018,1,コントラチェック,2016104880,0,7,3,0,0,1,0,0
2018070807030401,201807080703040102,2018-07-08,2018,2,ブールバール,2016104865,0,7,3,0,0,1,0,0
2018071402020309,201807140202030903,2018-07-14,2018,3,マイネルパンドーロ,2014100701,0,7,3,0,0,1,0,0
2018071407030504,201807140703050407,2018-07-14,2018,7,ダンツプリウス,2013104475,0,7,3,0,0,1,0,0
2018071407030511,201807140703051106,2018-07-14,2018,6,スズカルパン,2009103405,0,6,3,0,0,1,0,0
2018072107030709,201807210703070907,2018-07-21,2018,7,ブルスクーロ,2016104537,0,7,3,0,0,1,0,0
2018072801010101,201807280101010103,2018-07-28,2018,3,テングレート,2016105057,0,6,3,0,0,1,0,0
2018072910020201,201807291002020103,2018-07-29,2018,3,スタークォーツ,2016101889,0,6,3,0,0,1,0,0
2018080404020308,201808040402030805,2018-08-04,2018,5,レノーア,2016105630,0,7,3,0,0,1,0,0
2018081110020508,201808111002050804,2018-08-11,2018,4,アーデントリー,2016100970,0,7,3,0,0,1,0,0
2018081210020604,201808121002060401,2018-08-12,2018,1,メイショウゴウキ,2014102845,0,7,3,0,0,1,0,0
2018081210020611,201808121002061102,2018-08-12,2018,2,サトノケンシロウ,2013106088,0,7,3,0,0,1,0,0
2018081801020101,201808180102010106,2018-08-18,2018,6,ファムファタル,2016105319,0,7,3,0,0,1,0,0
2018081801020102,201808180102010203,2018-08-18,2018,3,コパノマーティン,2016105938,0,7,3,0,0,1,0,0
2018081804020711,201808180402071107,2018-08-18,2018,7,ルックトゥワイス,2013105230,0,7,3,0,0,1,0,0
2018081810020702,201808181002070206,2018-08-18,2018,6,グッドレイズ,2016100969,0,6,3,0,0,1,0,0
2018081910020810,201808191002081006,2018-08-19,2018,6,ロードスター,2013100561,0,7,3,0,0,1,0,0
2018082501020302,201808250102030207,2018-08-25,2018,7,ドゥーエノルドゥ,2016100688,0,7,3,0,0,1,0,0
2018082601020401,201808260102040104,2018-08-26,2018,4,スピードボンバー,2016101461,0,5,3,0,0,1,0,0
2018082601020405,201808260102040505,2018-08-26,2018,5,チョウヤバイ,2016101748,0,6,3,0,0,1,0,0
2018090809040102,201809080904010204,2018-09-08,2018,4,オメガ,2016104879,0,6,3,0,0,1,0,0
2018090809040109,201809080904010906,2018-09-08,2018,6,ジャストコーズ,2013105332,0,7,3,0,0,1,0,0
2018090906040202,201809090604020203,2018-09-09,2018,3,ニシノイタダキ,2016103440,0,7,3,0,0,1,0,0
2018090909040205,201809090904020504,2018-09-09,2018,4,プレミアムギフト,2016101143,0,6,3,0,0,1,0,0
2018091509040309,201809150904030901,2018-09-15,2018,1,モンテアーサー,2016105870,0,6,3,0,0,1,0,0
2018092209040603,201809220904060301,2018-09-22,2018,1,ハプナビーチ,2016101122,0,7,3,0,0,1,0,0
2018092309040705,201809230904070501,2018-09-23,2018,1,ヴァロリザー,2016104471,0,5,3,0,0,1,0,0
2018100209040904,201810020904090404,2018-10-02,2018,4,メイショウゴウキ,2014102845,0,6,3,0,0,1,0,0
2018100209040911,201810020904091103,2018-10-02,2018,3,リバティハイツ,2015104438,0,7,3,0,0,1,0,0
2018100708040203,201810070804020302,2018-10-07,2018,2,マイディアライフ,2016104612,0,7,3,0,0,1,0,1
2018100708040204,201810070804020402,2018-10-07,2018,2,ヤマニンシルフ,2013101779,0,7,3,0,0,1,0,0
2018101308040409,201810130804040901,2018-10-13,2018,1,アーデントリー,2016100970,0,7,3,0,0,1,0,0
2018101408040509,201810140804050906,2018-10-14,2018,6,ジョウショームード,2016100269,0,7,3,0,0,1,0,0
2018102005040608,201810200504060803,2018-10-20,2018,3,チャロネグロ,2014105756,0,6,3,0,0,1,0,0
2018102708040809,201810270804080907,2018-10-27,2018,7,セグレドスペリオル,2016104691,0,7,3,0,0,1,0,1
2018110305050109,201811030505010902,2018-11-03,2018,2,トラストケンシン,2015100831,0,7,3,0,0,1,0,0
2018110405050209,201811040505020902,2018-11-04,2018,2,エクザルフ,2016104582,0,6,3,0,0,1,0,0
2018111008050304,201811100805030405,2018-11-10,2018,5,ノーワン,2016106064,0,6,3,0,0,1,0,0
2018111108050409,201811110805040905,2018-11-11,2018,5,リオンリオン,2016104695,0,7,3,0,0,1,0,0
2018111808050610,201811180805061005,2018-11-18,2018,5,リュヌルージュ,2015102214,0,7,3,0,0,1,0,0
2018120809050308,201812080905030802,2018-12-08,2018,2,カフジキング,2013105538,0,7,3,0,0,1,0,0
2018120809050309,201812080905030902,2018-12-08,2018,2,タガノディアマンテ,2016100527,0,7,3,0,0,1,0,1
2018120909050408,201812090905040802,2018-12-09,2018,2,アルジャーノン,2015101210,0,7,3,0,0,1,0,1
2019010508010108,201901050801010805,2019-01-05,2019,5,アドマイヤユラナス,2016104509,0,6,3,0,0,1,0,0
2019010608010209,201901060801020904,2019-01-06,2019,4,ダノンアイリス,2013105833,0,6,3,0,0,1,0,1
2019012608020109,201901260802010902,2019-01-26,2019,2,アマネセール,2016104393,0,5,3,0,0,1,0,0
2019012708020210,201901270802021006,2019-01-27,2019,6,テーオービクトリー,2014102607,0,7,3,0,0,1,0,0
2019020205010311,201902020501031108,2019-02-02,2019,8,キロハナ,2012104319,0,7,3,0,0,1,0,1
2019021005010611,201902100501061106,2019-02-10,2019,6,クラージュゲリエ,2016104778,0,7,3,0,0,1,0,0
2019021708020810,201902170802081003,2019-02-17,2019,3,レッドアンシェル,2014105982,0,7,3,0,0,1,0,0
2019022309010110,201902230901011006,2019-02-23,2019,6,シングルアップ,2016104875,0,6,3,0,0,1,0,0
2019022409010210,201902240901021001,2019-02-24,2019,1,ショウリュウイクゾ,2016104495,0,6,3,0,0,1,0,0
2019030206020308,201903020602030802,2019-03-02,2019,2,グラットシエル,2014105320,0,7,3,0,0,1,0,0
2019030309010408,201903030901040806,2019-03-03,2019,6,ジャストアジゴロ,2016105169,0,7,3,0,0,1,0,0
2019030907020102,201903090702010204,2019-03-09,2019,4,ダイリュウボーラー,2016100671,7,15,3,0,0,0,0,1
2019030909010509,201903090901050904,2019-03-09,2019,4,マコトジュズマル,2016104623,0,5,3,0,0,1,0,0
2019042008030109,201904200803010901,2019-04-20,2019,1,ドラウプニル,2016104429,0,7,3,0,0,1,0,0
2019042008030110,201904200803011005,2019-04-20,2019,5,メイショウグロッケ,2014103524,0,7,3,0,0,1,0,0
2019042108030206,201904210803020604,2019-04-21,2019,4,ヒミノブルー,2016103950,0,7,3,0,0,1,0,0
2019042808030306,201904280803030601,2019-04-28,2019,1,キラープレゼンス,2016104745,0,7,3,0,0,1,0,0
2019050405020505,201905040502050504,2019-05-04,2019,4,ヴァンクールシルク,2014106228,0,7,3,0,0,1,0,0
2019051108030702,201905110803070216,2019-05-11,2019,16,テイエムイブシギン,2016106531,7,16,2,0,0,0,0,1
2019051205020807,201905120502080707,2019-05-12,2019,7,エミーリオ,2014102394,0,7,3,0,0,1,0,1
2019051908031008,201905190803100801,2019-05-19,2019,1,アロマドゥルセ,2014105970,0,7,3,0,0,1,0,0
2019060109030105,201906010903010505,2019-06-01,2019,5,ラヴォアドゥース,2017105133,0,6,3,0,0,1,0,0
2019060205030206,201906020503020602,2019-06-02,2019,2,ビッククインバイオ,2017105193,0,7,3,0,0,1,0,0
2019060209030211,201906020903021104,2019-06-02,2019,4,ノチェブランカ,2015104913,0,7,3,0,0,1,0,0
2019061509030501,201906150903050101,2019-06-15,2019,1,ダイヤモンドライフ,2017105262,0,7,3,0,0,1,0,1
2019061602010211,201906160201021113,2019-06-16,2019,13,タワーオブロンドン,2015101621,0,7,3,0,0,1,0,0
2019061609030608,201906160903060801,2019-06-16,2019,1,ドラウプニル,2016104429,0,5,3,0,0,1,0,0
2019062209030701,201906220903070105,2019-06-22,2019,5,ハッピールーラ,2017104181,0,6,3,0,0,1,0,0
2019063002010605,201906300201060504,2019-06-30,2019,4,カミーノ,2017101749,0,6,3,0,0,1,0,0
2019063007030201,201906300703020101,2019-06-30,2019,1,グッドステージ,2017103395,0,6,3,0,0,1,0,0
2019070602020112,201907060202011203,2019-07-06,2019,3,オフクヒメ,2013103410,0,7,3,0,0,1,0,0
2019070603020304,201907060302030406,2019-07-06,2019,6,シンボリダルク,2013100461,0,7,3,0,0,1,0,0
2019070702020212,201907070202021206,2019-07-07,2019,6,レッドベルローズ,2015105091,0,7,3,0,0,1,0,0
2019070707030407,201907070703040704,2019-07-07,2019,4,アスクフラッシュ,2016103129,0,7,3,0,0,1,0,0
2019071302020305,201907130202030502,2019-07-13,2019,2,マコトジェムチュク,2017104739,0,6,3,0,0,1,0,0
2019071307030504,201907130703050404,2019-07-13,2019,4,シゲルボブキャット,2014101357,0,5,3,0,0,1,0,0
2019071402020405,201907140202040507,2019-07-14,2019,7,コスモシャルドネ,2017101920,0,7,3,0,0,1,0,0
2019072801010201,201907280101020105,2019-07-28,2019,5,プロヴィデンス,2017100917,0,7,3,0,0,1,0,0
2019072801010208,201907280101020804,2019-07-28,2019,4,エンシュラウド,2016110030,0,7,3,0,0,1,0,0
2019072810020201,201907281002020105,2019-07-28,2019,5,メイショウカムロ,2017106451,0,6,3,0,0,1,0,0
2019090101020609,201909010102060906,2019-09-01,2019,6,タンタグローリア,2014105277,7,14,2,0,0,0,0,1
2019090709040109,201909070904010907,2019-09-07,2019,7,アグネスリバティ,2013105355,0,7,3,0,0,1,0,0
2019090809040205,201909080904020503,2019-09-08,2019,3,ミッキーノワ,2017100474,0,5,3,0,0,1,0,0
2019091409040309,201909140904030905,2019-09-14,2019,5,エキサイター,2017106690,0,5,3,0,0,1,0,0
2019091509040401,201909150904040102,2019-09-15,2019,2,ハクアイウィンザー,2017101485,0,7,3,0,0,1,0,0
2019091509040404,201909150904040403,2019-09-15,2019,3,メメニシコリ,2013105685,0,6,3,0,0,1,0,0
2019092109040609,201909210904060904,2019-09-21,2019,4,シャレード,2017105232,0,6,3,0,0,1,0,0
2019092206040708,201909220604070805,2019-09-22,2019,5,サペラヴィ,2017100316,0,6,3,0,0,1,0,0
2019092809040803,201909280904080307,2019-09-28,2019,7,リメンバーメモリー,2017104888,0,7,3,0,0,1,0,0
2019100504030111,201910050403011107,2019-10-05,2019,7,メイショウタカトラ,2014103551,0,7,3,0,0,1,0,0
2019100505040108,201910050504010803,2019-10-05,2019,3,マイネルクラフト,2013101946,0,7,3,0,0,1,0,0
2019100608040206,201910060804020603,2019-10-06,2019,3,ソルファ,2015102387,0,7,3,0,0,1,0,0
2019101208040310,201910120804031004,2019-10-12,2019,4,グラディーヴァ,2016104736,0,6,3,0,0,1,0,0
2019101308040409,201910130804040903,2019-10-13,2019,3,ジュンライトボルト,2017105396,0,7,3,0,0,1,0,0
2019101405040508,201910140504050801,2019-10-14,2019,1,チェサピークベイ,2016104600,0,7,3,0,0,1,0,0
2019102605040807,201910260504080702,2019-10-26,2019,2,ボヘミアラプソディ,2016105723,0,7,3,0,0,1,0,0
2019102608040809,201910260804080901,2019-10-26,2019,1,エカテリンブルク,2017105500,0,7,3,0,0,1,0,0
2019102608040810,201910260804081001,2019-10-26,2019,1,ブライトムーン,2014100616,0,7,3,0,0,1,0,0
2019102708040906,201910270804090607,2019-10-27,2019,7,カーフライターク,2017105192,0,7,3,0,0,1,0,0
2019110205050109,201911020505010906,2019-11-02,2019,6,サトノラディウス,2016104921,0,7,3,0,0,1,0,0
2019110303030209,201911030303020907,2019-11-03,2019,7,コスモギンガ,2017100627,0,7,3,0,0,1,0,0
2019110305050208,201911030505020802,2019-11-03,2019,2,ヒシタイザン,2017103793,0,5,3,0,0,1,0,0
2019110308050205,201911030805020505,2019-11-03,2019,5,メイショウヘシキリ,2017106061,0,7,3,0,0,1,0,0
2019110905050310,201911090505031002,2019-11-09,2019,2,ホウオウスクラム,2015105411,0,7,3,0,0,1,0,0
2019112405050807,201911240505080703,2019-11-24,2019,3,アオイクレアトール,2017104851,0,7,3,0,0,1,0,0
2019112408050809,201911240805080903,2019-11-24,2019,3,ヒルノマリブ,2017102212,0,6,3,0,0,1,0,0
2019113007040110,201911300704011006,2019-11-30,2019,6,ゴルトファルベン,2017105471,0,7,3,0,0,1,0,0
2019120106050212,201912010605021207,2019-12-01,2019,7,ホクセンジョウオー,2015101288,0,7,3,0,0,1,0,0
2019120107040203,201912010704020307,2019-12-01,2019,7,アヴァント,2014105910,0,7,3,0,0,1,0,0
2020010508010109,202001050801010901,2020-01-05,2020,1,ケヴィン,2017104833,0,7,3,0,0,1,0,0
2020011806010606,202001180601060604,2020-01-18,2020,4,アイヅリュウコ,2016106330,0,7,3,0,0,1,0,0
2020011808010606,202001180801060605,2020-01-18,2020,5,ドゥラモット,2017105334,0,5,3,0,0,1,0,0
2020011910010210,202001191001021002,2020-01-19,2020,2,メイショウダジン,2017105789,0,7,3,0,0,1,0,0
2020012606010912,202001260601091201,2020-01-26,2020,1,ホクセンジョウオー,2015101288,0,6,3,0,0,1,0,0
2020012608010908,202001260801090805,2020-01-26,2020,5,ナイスプリンセス,2016103140,0,5,3,0,0,1,0,0
2020012608010910,202001260801091003,2020-01-26,2020,3,ラインベック,2017105194,0,6,3,0,0,1,0,0
2020021508020509,202002150802050907,2020-02-15,2020,7,イーサンパンサー,2016102534,0,7,3,0,0,1,0,0
2020021608020609,202002160802060904,2020-02-16,2020,4,ゴールドティア,2017105483,0,7,3,0,0,1,0,0
2020022205010708,202002220501070804,2020-02-22,2020,4,マイネルミンドール,2017101956,0,7,3,0,0,1,0,0
2020022208020707,202002220802070705,2020-02-22,2020,5,ハギノベルエキプ,2016100609,0,7,3,0,0,1,0,0
2020022210011106,202002221001110603,2020-02-22,2020,3,オーマオ,2016105216,0,7,3,0,0,1,0,0
2020022310011204,202002231001120403,2020-02-23,2020,3,マイネルポインター,2017102646,7,12,2,0,0,0,0,1
2020030109010210,202003010901021006,2020-03-01,2020,6,エカテリンブルク,2017105500,0,5,3,0,0,1,0,0
2020030109010211,202003010901021103,2020-03-01,2020,3,ダイアトニック,2015103057,7,18,3,0,0,0,0,1
2020030807010408,202003080701040803,2020-03-08,2020,3,クラヴィーア,2016100611,0,7,3,0,0,1,0,0
2020030809010409,202003080901040904,2020-03-08,2020,4,チュウワノキセキ,2017105574,0,7,3,0,0,1,0,0
2020032009010707,202003200901070705,2020-03-20,2020,5,マナローラ,2014100591,0,5,3,0,0,1,0,0
2020032209010907,202003220901090706,2020-03-22,2020,6,セロシア,2016100589,0,7,3,0,0,1,0,0
2020041103010105,202004110301010506,2020-04-11,2020,6,アサクサゲンキ,2015110032,7,13,2,0,0,0,0,1
2020051008030607,202005100803060702,2020-05-10,2020,2,エスピリトゥオーゾ,2014100116,0,5,3,0,0,1,0,0
2020051705020805,202005170502080505,2020-05-17,2020,5,コスモギンガ,2017100627,0,7,3,0,0,1,0,0
2020053008031106,202005300803110602,2020-05-30,2020,2,スターオブジーン,2016103578,0,7,3,0,0,1,0,0
2020053008031109,202005300803110902,2020-05-30,2020,2,ジンゴイスト,2015105048,0,7,3,0,0,1,0,0
2020062702010508,202006270201050806,2020-06-27,2020,6,ホウオウヒミコ,2016104220,0,6,3,0,0,1,0,0
2020070402020101,202007040202010104,2020-07-04,2020,4,マリノブロッサム,2018100269,0,7,3,0,0,1,0,0
2020070402020107,202007040202010707,2020-07-04,2020,7,ネオファルコン,2016101909,0,7,3,0,0,1,0,0
2020070502020205,202007050202020503,2020-07-05,2020,3,ライトニングホーク,2018104707,0,6,3,0,0,1,0,0
2020071202020405,202007120202040507,2020-07-12,2020,7,ロジモーリス,2018105300,0,7,3,0,0,1,0,0
2020071209040405,202007120904040504,2020-07-12,2020,4,ピエス,2018102070,0,7,3,0,0,1,0,0
2020072501010101,202007250101010103,2020-07-25,2020,3,ギャラントウォリア,2018104800,0,6,3,0,0,1,0,0
2020072501010105,202007250101010501,2020-07-25,2020,1,ジオパークマグマ,2018106317,0,6,3,0,0,1,0,0
2020072601010201,202007260101020103,2020-07-26,2020,3,デンプシーロール,2018100769,0,7,3,0,0,1,0,0
2020072601010205,202007260101020507,2020-07-26,2020,7,ポルトヴェッキオ,2018105266,0,7,3,0,0,1,0,0
2020072601010206,202007260101020604,2020-07-26,2020,4,レガーメダモーレ,2018105541,0,6,3,0,0,1,0,0
2020080201010405,202008020101040504,2020-08-02,2020,4,タスマンハイウェイ,2018105036,0,7,3,0,0,1,0,0
2020080201010408,202008020101040806,2020-08-02,2020,6,ウインローズブーケ,2017101451,0,6,3,0,0,1,0,0
2020081501020101,202008150102010103,2020-08-15,2020,3,メモラーブル,2018105450,0,6,3,0,0,1,0,0
2020081501020105,202008150102010503,2020-08-15,2020,3,ソルティエラ,2018100710,0,5,3,0,0,1,0,0
2020081601020205,202008160102020502,2020-08-16,2020,2,ダイシンピスケス,2018100830,0,6,3,0,0,1,0,0
2020082201020305,202008220102030504,2020-08-22,2020,4,ラインマン,2018101495,0,6,3,0,0,1,0,0
2020082301020405,202008230102040504,2020-08-23,2020,4,アウトストラーダ,2018105218,0,7,3,0,0,1,0,0
2020082301020408,202008230102040805,2020-08-23,2020,5,ルビーカサブランカ,2017105582,0,7,3,0,0,1,0,0
2020082901020501,202008290102050102,2020-08-29,2020,2,ダイシンピスケス,2018100830,0,6,3,0,0,1,0,0
2020091207020108,202009120702010807,2020-09-12,2020,7,カリンカ,2015104310,0,7,3,0,0,1,0,0
2020091907020309,202009190702030902,2020-09-19,2020,2,フラーズダルム,2018105017,0,5,3,0,0,1,0,0
2020092106040501,202009210604050106,2020-09-21,2020,6,ディード,2016102620,0,7,3,0,0,1,0,0
2020101108040209,202010110804020904,2020-10-11,2020,4,レッツゴーアスク,2018104545,0,6,3,0,0,1,0,0
2020101708040309,202010170804030906,2020-10-17,2020,6,マカオンドール,2018105293,0,5,3,0,0,1,0,0
2020102404040509,202010240404050905,2020-10-24,2020,5,メイショウカムロ,2017106451,0,7,3,0,0,1,0,0
2020102408040509,202010240804050907,2020-10-24,2020,7,ムーンチャイム,2015101633,0,7,3,0,0,1,0,0
2020110108040807,202011010804080704,2020-11-01,2020,4,メイショウサンガ,2017106366,7,9,2,0,0,0,0,1
2020110705050104,202011070505010403,2020-11-07,2020,3,ソーヴァリアント,2018104662,5,10,0,0,1,0,0,1
2020110705050104,202011070505010405,2020-11-07,2020,5,セルジュ,2018104070,0,10,1,1,0,1,1,1
2020110705050104,202011070505010410,2020-11-07,2020,10,ギャラクサイト,2018105372,0,10,3,0,0,1,1,0
2020110709050105,202011070905010503,2020-11-07,2020,3,マテンロウアレス,2018103927,0,7,3,0,0,1,0,0
2020111405050304,202011140505030406,2020-11-14,2020,6,ホウオウルバン,2018103540,0,7,3,0,0,1,0,0
2020111409050308,202011140905030804,2020-11-14,2020,4,オジュウチョウサン,2011101125,0,6,3,0,0,1,0,0
2020111509050409,202011150905040903,2020-11-15,2020,3,スタッドリー,2018105474,0,5,3,0,0,1,0,0
2020112109050506,202011210905050616,2020-11-21,2020,16,ベイビーアッシュ,2018106086,7,15,3,0,0,0,0,1
2020112309050704,202011230905070405,2020-11-23,2020,5,ウインストラグル,2014103077,0,6,3,0,0,1,0,0
2020112905050909,202011290505090905,2020-11-29,2020,5,セントオブゴールド,2017105092,0,7,3,0,0,1,0,0
2020120609060204,202012060906020404,2020-12-06,2020,4,トキノハヤテ,2017102768,0,7,3,0,0,1,0,0
2020122709060807,202012270906080702,2020-12-27,2020,2,タケルジャック,2018100719,0,5,3,0,0,1,0,0
2021012307010710,202101230701071007,2021-01-23,2021,7,グロリアムンディ,2018105251,0,7,3,0,0,1,0,0
2021013007010909,202101300701090904,2021-01-30,2021,4,スパークル,2018104875,0,7,3,0,0,1,0,0
2021020607011108,202102060701110801,2021-02-06,2021,1,エンデュミオン,2017106153,0,6,3,0,0,1,0,0
2021022806020206,202102280602020606,2021-02-28,2021,6,ユキノファラオ,2018104347,0,7,3,0,0,1,0,0
2021022809010608,202102280901060803,2021-02-28,2021,3,エレヴァルアスール,2016105414,0,7,3,0,0,1,0,0
2021030709010809,202103070901080904,2021-03-07,2021,4,ギャラントウォリア,2018104800,0,7,3,0,0,1,0,0
2021031409011006,202103140901100607,2021-03-14,2021,7,ワンダーアマルフィ,2017102942,0,7,3,0,0,1,0,0
2021031409011009,202103140901100905,2021-03-14,2021,5,セウラサーリ,2017105105,0,7,3,0,0,1,0,0
2021040306030309,202104030603030904,2021-04-03,2021,4,ラストヌードル,2016104883,0,7,3,0,0,1,0,1
2021041004010110,202104100401011002,2021-04-10,2021,2,テリオスマナ,2018103377,0,7,3,0,0,1,0,0
2021041006030508,202104100603050802,2021-04-10,2021,2,マイネルレンカ,2014106348,0,7,3,0,0,1,0,0
2021041109020605,202104110902060506,2021-04-11,2021,6,レッドレビン,2017106255,0,7,3,0,0,1,0,0
2021041806030808,202104180603080808,2021-04-18,2021,8,ハローユニコーン,2014104031,0,7,3,0,0,1,0,0
2021041809020804,202104180902080403,2021-04-18,2021,3,ワーウルフ,2017101185,0,7,3,0,0,1,0,0
2021041809020806,202104180902080604,2021-04-18,2021,4,レイオブウォーター,2018104712,0,7,3,0,0,1,0,0
2021041809020809,202104180902080902,2021-04-18,2021,2,イカット,2017106724,0,7,3,0,0,1,0,0
2021042405020108,202104240502010805,2021-04-24,2021,5,ナックイルシーブ,2018105521,0,6,3,0,0,1,0,0
2021042409020907,202104240902090703,2021-04-24,2021,3,シュテルクスト,2017105044,0,7,3,0,0,1,0,0
2021042409020909,202104240902090903,2021-04-24,2021,3,バガン,2018106354,0,7,3,0,0,1,0,0
2021042509021009,202104250902100903,2021-04-25,2021,3,ペルルドール,2017103876,0,7,3,0,0,1,0,0
2021050807030107,202105080703010701,2021-05-08,2021,1,タマモパッション,2017102196,0,6,3,0,0,1,0,0
2021051507030306,202105150703030603,2021-05-15,2021,3,メイショウサンガ,2017106366,0,7,3,0,0,1,0,0
2021051607030409,202105160703040907,2021-05-16,2021,7,マスラオ,2014102038,0,7,3,0,0,1,0,0
2021052205020910,202105220502091005,2021-05-22,2021,5,プレシオーソ,2017104092,0,7,3,0,0,1,0,0
2021061207040308,202106120704030807,2021-06-12,2021,7,ブラインドデート,2017106532,0,7,3,0,0,1,0,0
2021061909030109,202106190903010904,2021-06-19,2021,4,アトリビュート,2017105522,0,7,3,0,0,1,0,0
2021062009030205,202106200903020503,2021-06-20,2021,3,コナブラック,2019105191,0,7,3,0,0,1,0,0
2021062609030309,202106260903030907,2021-06-26,2021,7,ヴァリアメンテ,2018105478,0,7,3,0,0,1,0,0
2021070310030101,202107031003010106,2021-07-03,2021,6,ルショコラ,2019100786,0,7,3,0,0,1,0,0
2021070310030108,202107031003010804,2021-07-03,2021,4,ブラインドデート,2017106532,0,7,3,0,0,1,0,0
2021070410030201,202107041003020106,2021-07-04,2021,6,マジカルスペル,2014106118,0,6,3,0,0,1,0,0
2021070410030209,202107041003020903,2021-07-04,2021,3,テーオーフォルテ,2014106464,0,7,3,0,0,1,0,0
2021070410030210,202107041003021003,2021-07-04,2021,3,ラブスピール,2017100415,0,7,3,0,0,1,0,0
2021071010030304,202107101003030401,2021-07-10,2021,1,ブルーノジュネス,2017104442,0,7,3,0,0,1,0,0
2021071010030305,202107101003030503,2021-07-10,2021,3,ビップシュプリーム,2019105241,0,7,3,0,0,1,0,0
2021071010030311,202107101003031101,2021-07-10,2021,1,ジュランビル,2016100794,0,7,3,0,0,1,0,0
2021071702010505,202107170201050504,2021-07-17,2021,4,タマノルーナ,2019104062,0,5,3,0,0,1,0,0
2021071810030605,202107181003060504,2021-07-18,2021,4,シゲルエアロギアス,2019101798,0,7,3,0,0,1,0,0
2021072502010801,202107250201080107,2021-07-25,2021,7,アルコローザ,2019106372,0,7,3,0,0,1,0,0
2021080102011005,202108010201100502,2021-08-01,2021,2,レモンケーキ,2019102070,0,5,3,0,0,1,0,0
2021081401020101,202108140102010106,2021-08-14,2021,6,セイウンプラチナ,2019102628,0,6,3,0,0,1,0,0
2021081401020110,202108140102011003,2021-08-14,2021,3,フィフティシェビー,2019110074,0,6,3,0,0,1,0,0
2021081501020205,202108150102020507,2021-08-15,2021,7,ストキャスティーク,2019104550,0,7,3,0,0,1,0,0
2021082110040310,202108211004031006,2021-08-21,2021,6,ファインスティール,2016110056,0,7,3,0,0,1,0,0
2021091107050101,202109110705010102,2021-09-11,2021,2,クロジシジョー,2019102238,0,7,3,0,0,1,0,0
2021091206040208,202109120604020802,2021-09-12,2021,2,ネバーゴーンアウト,2017102518,0,6,3,0,0,1,0,0
2021091207050205,202109120705020505,2021-09-12,2021,5,ヴィクトールドパリ,2019104912,0,5,3,0,0,1,0,0
2021091207050208,202109120705020803,2021-09-12,2021,3,アドマイヤビーナス,2016104724,0,7,3,0,0,1,0,0
2021091907050405,202109190705040502,2021-09-19,2021,2,ソリダリティ,2019105462,0,7,3,0,0,1,0,0
2021092006040510,202109200604051002,2021-09-20,2021,2,ゴールドティア,2017105483,0,7,3,0,0,1,0,0
2021100207050809,202110020705080905,2021-10-02,2021,5,ジャズブルース,2019101179,0,7,3,0,0,1,0,0
2021100905040111,202110090504011101,2021-10-09,2021,1,スタニングローズ,2019105565,0,7,3,0,0,1,0,0
2021100909040103,202110090904010301,2021-10-09,2021,1,タイセイディバイン,2019101642,0,7,3,0,0,1,0,0
2021101609040309,202110160904030906,2021-10-16,2021,6,エニアグラム,2019101938,0,7,3,0,0,1,0,0
2021101709040409,202110170904040906,2021-10-17,2021,6,ジャスパークローネ,2019110107,0,6,3,0,0,1,0,0
2021102404050611,202110240405061104,2021-10-24,2021,4,ムジカ,2017104141,0,7,3,0,0,1,0,0
2021103009040707,202110300904070704,2021-10-30,2021,4,トーホウバロン,2018100545,0,7,3,0,0,1,0,0
2021103009040709,202110300904070903,2021-10-30,2021,3,クラウンドマジック,2019101846,0,6,3,0,0,1,0,0
2021110709050205,202111070905020501,2021-11-07,2021,1,ショウサンキズナ,2019102265,0,7,3,0,0,1,0,0
2021111309050311,202111130905031105,2021-11-13,2021,5,カワキタレブリー,2019100153,0,7,3,0,0,1,0,0
2021111409050409,202111140905040904,2021-11-14,2021,4,グランディア,2019105302,0,6,3,0,0,1,0,0
2021112709050709,202111270905070901,2021-11-27,2021,1,ナオミラフィネ,2017105297,0,7,3,0,0,1,0,0
2021120507060205,202112050706020506,2021-12-05,2021,6,クラップサンダー,2019103278,0,6,3,0,0,1,0,0
2021121106050306,202112110605030606,2021-12-11,2021,6,アポロマジェスティ,2019106654,0,7,3,0,0,1,0,0
2021121909060606,202112190906060607,2021-12-19,2021,7,ヒノデテイオー,2019103420,0,7,3,0,0,1,0,0
2022011607010608,202201160701060802,2022-01-16,2022,2,トゥデイイズザデイ,2019100628,0,4,2,0,0,1,0,1
2022011607010608,202201160701060803,2022-01-16,2022,3,メイショウゲキリン,2019104092,0,4,3,0,0,1,0,0
2022011607010608,202201160701060805,2022-01-16,2022,5,セレシオン,2019105168,0,4,1,1,1,1,0,1
2022012206010709,202201220601070906,2022-01-22,2022,6,アオイゴールド,2018102985,0,7,3,0,0,1,0,0
2022012207010705,202201220701070507,2022-01-22,2022,7,フォーブス,2019106329,0,7,3,0,0,1,0,0
2022012207010710,202201220701071006,2022-01-22,2022,6,メイショウラナキラ,2019102820,0,7,3,0,0,1,0,0
2022012207010711,202201220701071101,2022-01-22,2022,1,エルカスティージョ,2018104970,0,7,3,0,0,1,0,0
2022020507011105,202202050701110505,2022-02-05,2022,5,ハギノモーリス,2019100652,7,13,3,0,0,0,0,1
2022020507011109,202202050701110902,2022-02-05,2022,2,ブレーヴユニコーン,2016104658,0,7,3,0,0,1,0,0
2022021309010208,202202130901020806,2022-02-13,2022,6,スカイフォール,2019105159,0,6,3,0,0,1,0,0
2022021909010309,202202190901030905,2022-02-19,2022,5,ダノンブリザード,2019101618,0,7,3,0,0,1,0,0
2022030609010804,202203060901080403,2022-03-06,2022,3,グランドビクトリー,2016101646,0,7,3,0,0,1,0,0
2022030609010809,202203060901080907,2022-03-06,2022,7,ホウオウバニラ,2019105340,0,7,3,0,0,1,0,0
2022031306020604,202203130602060406,2022-03-13,2022,6,ルレーヴドゥリリ,2017103710,0,6,3,0,0,1,0,0
2022032009011207,202203200901120707,2022-03-20,2022,7,アマネセール,2016104393,0,7,3,0,0,1,0,0
2022032609020109,202203260902010906,2022-03-26,2022,6,サトノリーベ,2019101635,0,7,3,0,0,1,0,0
2022042309020911,202204230902091104,2022-04-23,2022,4,ムジカ,2017104141,0,7,3,0,0,1,0,0
2022042409021009,202204240902100905,2022-04-24,2022,5,リンフレスカンテ,2018104797,0,7,3,0,0,1,0,0
2022043005020307,202204300502030702,2022-04-30,2022,2,レベランス,2018104917,0,6,3,0,0,1,0,0
2022043009021106,202204300902110602,2022-04-30,2022,2,アドマイヤハイジ,2018104891,0,7,3,0,0,1,0,0
2022043009021109,202204300902110906,2022-04-30,2022,6,ヒヅルジョウ,2019100464,0,7,3,0,0,1,0,0
2022050805020607,202205080502060701,2022-05-08,2022,1,マイネルヒッツェ,2018102151,0,7,3,0,0,1,0,0
2022051407030311,202205140703031103,2022-05-14,2022,3,パトリック,2016102133,0,7,3,0,0,1,0,0
2022051505020805,202205150502080501,2022-05-15,2022,1,ナニハサテオキ,2019102261,0,7,3,0,0,1,0,0
2022051507030407,202205150703040703,2022-05-15,2022,3,エバーマノ,2017104801,0,6,3,0,0,1,0,0
2022051507030412,202205150703041205,2022-05-15,2022,5,トップザビル,2018104694,0,6,3,0,0,1,0,0
2022052805021107,202205280502110703,2022-05-28,2022,3,バラジ,2019106698,0,5,3,0,0,1,0,0
2022052905021207,202205290502120704,2022-05-29,2022,4,ディオスバリエンテ,2018105147,0,6,3,0,0,1,0,0
2022052907030811,202205290703081103,2022-05-29,2022,3,アーティット,2019104629,0,7,3,0,0,1,0,0
2022060505030209,202206050503020906,2022-06-05,2022,6,ドゥラドーレス,2019105556,0,7,3,0,0,1,0,0
2022061805030501,202206180503050104,2022-06-18,2022,4,ノーブルラン,2020100741,0,7,3,0,0,1,0,0
2022070202010701,202207020201070102,2022-07-02,2022,2,コスモレンブランサ,2020100769,0,6,3,0,0,1,0,0
2022070202010706,202207020201070605,2022-07-02,2022,5,フォルテース,2020105895,0,7,3,0,0,1,0,0
2022070902010901,202207090201090105,2022-07-09,2022,5,ベッラフロー,2020102080,0,7,3,0,0,1,0,0
2022070902010909,202207090201090902,2022-07-09,2022,2,プリファードラン,2018110136,0,7,3,0,0,1,0,0
2022070910030302,202207091003030205,2022-07-09,2022,5,リコッチ,2020102676,0,6,3,0,0,1,0,0
2022070910030304,202207091003030402,2022-07-09,2022,2,キーパンチ,2017101685,0,6,3,0,0,1,0,0
2022071002011005,202207100201100502,2022-07-10,2022,2,トーセントラム,2020102535,0,6,3,0,0,1,0,0
2022071010030412,202207101003041203,2022-07-10,2022,3,コンクパール,2019110065,0,7,3,0,0,1,0,0
2022071603020504,202207160302050403,2022-07-16,2022,3,ポートロイヤル,2016105007,0,6,3,0,0,1,0,0
2022071610030505,202207161003050503,2022-07-16,2022,3,フラッシングレート,2020103441,0,7,3,0,0,1,0,0
2022071702011209,202207170201120904,2022-07-17,2022,4,メイレンシュタイン,2018105476,0,6,3,0,0,1,0,0
2022072301010101,202207230101010105,2022-07-23,2022,5,トーセントラム,2020102535,0,5,3,0,0,1,0,0
2022072310030704,202207231003070404,2022-07-23,2022,4,ネビーイーム,2018103677,0,7,3,0,0,1,0,0
2022073001010301,202207300101030101,2022-07-30,2022,1,クリノヒーロー,2020100070,0,7,3,0,0,1,0,0
2022073101010401,202207310101040102,2022-07-31,2022,2,サクラトップクリス,2020104516,0,7,3,0,0,1,0,0
2022073101010405,202207310101040503,2022-07-31,2022,3,ナチュラルリバー,2020102559,0,6,3,0,0,1,0,0
2022073104020202,202207310402020201,2022-07-31,2022,1,タイセイサンダー,2020106523,0,6,3,0,0,1,0,0
2022081310040110,202208131004011005,2022-08-13,2022,5,シーニックウェイ,2018100654,0,7,3,0,0,1,0,0
2022081410040202,202208141004020203,2022-08-14,2022,3,ショウナンアキドン,2020101212,0,7,3,0,0,1,0,0
2022082101020405,202208210102040506,2022-08-21,2022,6,アヴニールドブリエ,2020103803,0,6,3,0,0,1,0,0
2022082110040402,202208211004040203,2022-08-21,2022,3,ワンダーミズキ,2020100602,0,5,3,0,0,1,0,0
2022082701020501,202208270102050102,2022-08-27,2022,2,ウインエタンセル,2020105201,0,7,3,0,0,1,0,0
2022082701020505,202208270102050505,2022-08-27,2022,5,ピッチパーフェクト,2020104134,0,7,3,0,0,1,0,0
2022082801020605,202208280102060507,2022-08-28,2022,7,ミッキーグロリア,2020103586,0,7,3,0,0,1,0,0
2022082810040609,202208281004060906,2022-08-28,2022,6,サトノヴィーナス,2017105323,0,7,3,0,0,1,0,0
2022090304030705,202209030403070503,2022-09-03,2022,3,ダイヤプリーモ,2020101266,0,7,3,0,0,1,0,0
2022090310040705,202209031004070505,2022-09-03,2022,5,ダンシングニードル,2020102940,0,7,3,0,0,1,0,0
2022091107050205,202209110705020505,2022-09-11,2022,5,ツージーフェイス,2020105674,0,7,3,0,0,1,0,0
2022091807050402,202209180705040204,2022-09-18,2022,4,ペイシャハヤブサ,2020101938,0,7,3,0,0,1,0,0
2022092407050609,202209240705060905,2022-09-24,2022,5,フラッシングレート,2020103441,0,7,3,0,0,1,0,0
2022100106040809,202210010604080903,2022-10-01,2022,3,オンザブロッサム,2020102903,0,7,3,0,0,1,0,0
2022100809040104,202210080904010401,2022-10-08,2022,1,ロードシャムロック,2017102385,0,7,3,0,0,1,0,0
2022100909040204,202210090904020404,2022-10-09,2022,4,テイエムチューハイ,2014109151,0,6,3,0,0,1,0,0
2022100909040208,202210090904020807,2022-10-09,2022,7,ヒューマンコメディ,2017104478,0,7,3,0,0,1,0,0
2022101009040308,202210100904030802,2022-10-10,2022,2,ミレクイーン,2020105377,0,6,3,0,0,1,0,0
2022101505040402,202210150504040202,2022-10-15,2022,2,グラニットピーク,2020103507,0,7,3,0,0,1,0,0
2022101509040403,202210150904040302,2022-10-15,2022,2,アウフヘーベン,2020105305,0,5,3,0,0,1,0,0
2022101509040409,202210150904040903,2022-10-15,2022,3,スズカダブル,2020106660,0,7,3,0,0,1,0,0
2022101509040410,202210150904041006,2022-10-15,2022,6,ジュタロウ,2019110053,0,7,3,0,0,1,0,0
2022101609040509,202210160904050904,2022-10-16,2022,4,アスクドリームモア,2020101217,0,7,3,0,0,1,0,0
2022102305040706,202210230504070607,2022-10-23,2022,7,クールムーア,2020100056,0,7,3,0,0,1,0,0
2022102909040809,202210290904080907,2022-10-29,2022,7,エレガントルビー,2020106012,0,7,3,0,0,1,0,0
2022110609050203,202211060905020305,2022-11-06,2022,5,リコッチ,2020102676,0,6,3,0,0,1,0,0
2022110609050209,202211060905020902,2022-11-06,2022,2,サトノミスチーフ,2020103036,0,7,3,0,0,1,0,0
2022111209050301,202211120905030103,2022-11-12,2022,3,フラワートゥループ,2020102567,0,7,3,0,0,1,0,0
2022111309050405,202211130905040502,2022-11-13,2022,2,メグスタス,2020103488,0,7,3,0,0,1,0,0
2022112005050608,202211200505060805,2022-11-20,2022,5,ウヴァロヴァイト,2020103266,0,6,3,0,0,1,0,0
2022112009050608,202211200905060804,2022-11-20,2022,4,メイショウコギク,2020106737,0,5,3,0,0,1,0,0
2022112605050707,202211260505070702,2022-11-26,2022,2,エコロデュエル,2019101614,0,7,3,0,0,1,0,0
2022121809060607,202212180906060705,2022-12-18,2022,5,イシュタルゲート,2016104677,0,7,3,0,0,1,0,0
2023010807010311,202301080701031104,2023-01-08,2023,4,トーホウガレオン,2020103499,0,7,3,0,0,1,0,0
2023011407010506,202301140701050604,2023-01-14,2023,4,ダノンペドロ,2020103453,0,6,3,0,0,1,0,0
2023012107010710,202301210701071004,2023-01-21,2023,4,セッション,2020103639,0,7,3,0,0,1,0,0
2023012107010712,202301210701071205,2023-01-21,2023,5,ジェニーアムレット,2018105123,0,7,3,0,0,1,0,0
2023012807010909,202301280701090905,2023-01-28,2023,5,エアメテオラ,2020110118,0,7,3,0,0,1,0,0
2023012907011009,202301290701100904,2023-01-29,2023,4,ストリクトコード,2017104989,0,7,3,0,0,1,0,0
2023012910010610,202301291001061007,2023-01-29,2023,7,タガノバルコス,2019100549,0,7,3,0,0,1,0,0
2023021209010208,202302120901020806,2023-02-12,2023,6,マイネルメモリー,2020105750,0,7,3,0,0,1,0,0
2023022509010509,202302250901050902,2023-02-25,2023,2,アヴニールドブリエ,2020103803,0,6,3,0,0,1,0,0
2023030509010808,202303050901080807,2023-03-05,2023,7,シュタールヴィント,2020103061,0,7,3,0,0,1,0,0
2023031909011207,202303190901120705,2023-03-19,2023,5,タガノバルコス,2019100549,0,7,3,0,0,1,0,0
2023040109020308,202304010902030803,2023-04-01,2023,3,ワンダークローバー,2018103127,0,7,3,0,0,1,0,0
2023040206030408,202304020603040806,2023-04-02,2023,6,アームブランシュ,2020102925,0,6,3,0,0,1,0,0
2023041509020707,202304150902070704,2023-04-15,2023,4,ケンハービンジャー,2018103102,0,6,3,0,0,1,0,0
2023041509020708,202304150902070801,2023-04-15,2023,1,ブルレスカ,2018102041,0,7,3,0,0,1,0,0
2023042908010307,202304290801030703,2023-04-29,2023,3,ノートルプロメス,2019106866,0,7,3,0,0,1,0,0
2023050605020511,202305060502051106,2023-05-06,2023,6,フォトンブルー,2020103405,0,7,3,0,0,1,0,0
2023060305030108,202306030503010804,2023-06-03,2023,4,ヒシタイカン,2020103685,0,6,3,0,0,1,0,0
2023060309030105,202306030903010505,2023-06-03,2023,5,コンテナワールド,2021104924,0,5,3,0,0,1,0,0
2023061109030401,202306110903040104,2023-06-11,2023,4,グリニッチヴィレジ,2013103941,0,6,3,0,0,1,0,0
2023061709030504,202306170903050402,2023-06-17,2023,2,イロエンピツ,2018109129,0,5,3,0,0,1,0,0
2023061805030601,202306180503060106,2023-06-18,2023,6,アルカンサス,2019101023,0,6,3,0,0,1,0,0
2023062402010505,202306240201050501,2023-06-24,2023,1,ジンチョウゲ,2021100692,0,5,3,0,0,1,0,0
2023062502010605,202306250201060503,2023-06-25,2023,3,ピクラリーダ,2021106347,0,6,3,0,0,1,0,0
2023062505030801,202306250503080104,2023-06-25,2023,4,ブライトアゲイン,2021110014,0,6,3,0,0,1,0,0
2023062509030805,202306250903080507,2023-06-25,2023,7,ショウナンハウル,2021105867,0,7,3,0,0,1,0,0
2023070102020105,202307010202010504,2023-07-01,2023,4,ドナノーブル,2021110101,0,6,3,0,0,1,0,0
2023070102020106,202307010202010604,2023-07-01,2023,4,ワイノナオミ,2021105973,0,6,3,0,0,1,0,0
2023070102020108,202307010202010805,2023-07-01,2023,5,フロンタルジェダイ,2019104712,0,7,3,0,0,1,0,0
2023070107030101,202307010703010105,2023-07-01,2023,5,ヤマニンアラクリア,2021100284,0,7,3,0,0,1,0,0
2023070107030105,202307010703010503,2023-07-01,2023,3,プロミシングスター,2021103073,0,7,3,0,0,1,0,0
2023070107030108,202307010703010802,2023-07-01,2023,2,パスカリ,2020102544,0,7,3,0,0,1,0,0
2023070202020205,202307020202020501,2023-07-02,2023,1,リヤンイヴェール,2021100688,0,5,3,0,0,1,0,0
2023070203020201,202307020302020107,2023-07-02,2023,7,ドリーミングアップ,2021103303,0,7,3,0,0,1,0,0
2023070802020301,202307080202030102,2023-07-08,2023,2,ワクワクサセテ,2021107215,0,7,3,0,0,1,0,0
2023070803020302,202307080302030202,2023-07-08,2023,2,リベルテ,2021101110,0,7,3,0,0,1,0,0
2023070907030401,202307090703040104,2023-07-09,2023,4,ピースラピッド,2021100967,0,5,3,0,0,1,0,0
2023072203020702,202307220302070202,2023-07-22,2023,2,ローンウルフ,2021104112,0,7,3,0,0,1,0,0
2023072301010205,202307230101020502,2023-07-23,2023,2,フユソウビ,2021104496,0,6,3,0,0,1,0,0
2023072904020105,202307290402010506,2023-07-29,2023,6,ゲルタ,2021101770,0,6,3,0,0,1,0,0
2023080601010605,202308060101060502,2023-08-06,2023,2,ミスマテンロウ,2021110114,0,7,3,0,0,1,0,0
2023081301020201,202308130102020102,2023-08-13,2023,2,アレンジャー,2021100350,0,7,3,0,0,1,0,0
2023082010030402,202308201003040201,2023-08-20,2023,1,コートリーバウ,2021105543,0,5,3,0,0,1,0,0
2023082601020502,202308260102050205,2023-08-26,2023,5,サウンドノバ,2021103250,0,5,3,0,0,1,0,0
2023082701020605,202308270102060505,2023-08-27,2023,5,アドマイヤポーシュ,2021105366,0,5,3,0,0,1,0,0
2023090204030704,202309020403070403,2023-09-02,2023,3,モルタル,2017103785,0,6,3,0,0,1,0,0
2023090909040103,202309090904010307,2023-09-09,2023,7,エルフストラック,2021105616,0,7,3,0,0,1,0,0
2023090909040105,202309090904010503,2023-09-09,2023,3,ミクロフィラム,2021105652,0,6,3,0,0,1,0,0
2023091009040202,202309100904020202,2023-09-10,2023,2,サンウリエル,2021101304,0,7,3,0,0,1,0,1
2023091009040205,202309100904020503,2023-09-10,2023,3,プエルタアスール,2021103423,0,7,3,0,0,1,0,0
2023091609040309,202309160904030906,2023-09-16,2023,6,シークレットキー,2021105489,0,6,3,0,0,1,0,0
2023092309040608,202309230904060801,2023-09-23,2023,1,ヘルモーズ,2021105431,0,7,3,0,0,1,0,0
2023092409040705,202309240904070506,2023-09-24,2023,6,シュヴェルトリリエ,2021105855,0,7,3,0,0,1,0,0
2023093009040803,202309300904080305,2023-09-30,2023,5,サンウリエル,2021101304,0,6,3,0,0,1,0,0
2023100106040908,202310010604090806,2023-10-01,2023,6,テリオスルル,2021105491,0,7,3,0,0,1,0,0
2023100708020103,202310070802010301,2023-10-07,2023,1,ショウナンハウル,2021105867,0,6,3,0,0,1,0,0
2023101405040402,202310140504040205,2023-10-14,2023,5,マイネルモメンタム,2021106811,0,7,3,0,0,1,0,0
2023101405040407,202310140504040702,2023-10-14,2023,2,シルバープリペット,2020104878,0,7,3,0,0,1,0,0
2023101408020408,202310140802040805,2023-10-14,2023,5,ナムラフッカー,2021102510,0,5,3,0,0,1,0,0
2023101505040502,202310150504050205,2023-10-15,2023,5,ウェイトゥザドーン,2021104768,0,7,3,0,0,1,0,0
2023101508020503,202310150802050304,2023-10-15,2023,4,エイシンローテイト,2021103963,0,5,3,0,0,1,0,0
2023101508020508,202310150802050803,2023-10-15,2023,3,タイセイレスポンス,2021105646,0,6,3,0,0,1,0,0
2023101508020510,202310150802051004,2023-10-15,2023,4,トゥルーヴィル,2017105642,0,7,3,0,0,1,0,0
2023102105040609,202310210504060903,2023-10-21,2023,3,レガレイラ,2021105898,0,6,3,0,0,1,0,0
2023102108020607,202310210802060703,2023-10-21,2023,3,トラストエムシー,2020103502,0,7,3,0,0,1,0,0
2023102204040405,202310220404040507,2023-10-22,2023,7,サンライズマウレア,2021102242,7,15,3,0,0,0,0,1
2023102808020808,202310280802080804,2023-10-28,2023,4,ギヴイットアゴー,2021107369,0,6,3,0,0,1,0,0
2023102905040908,202310290504090807,2023-10-29,2023,7,オウケンボルト,2019103827,0,7,3,0,0,1,0,0
2023102905040909,202310290504090907,2023-10-29,2023,7,キタノブライド,2020106174,0,7,3,0,0,1,0,0
2023110505050204,202311050505020404,2023-11-05,2023,4,レトロタイプ,2021104843,0,6,3,0,0,1,0,0
2023111208030409,202311120803040902,2023-11-12,2023,2,ミラキュラスドラマ,2021104923,0,7,3,0,0,1,0,0
2023111908030605,202311190803060502,2023-11-19,2023,2,カリーニョ,2021105585,0,7,3,0,0,1,0,0
2023120307040208,202312030704020802,2023-12-03,2023,2,オフトレイル,2021110031,0,7,3,0,0,1,0,0
2023120909050301,202312090905030104,2023-12-09,2023,4,ベルメサイア,2021103776,0,7,3,0,0,1,0,0
2023121009050406,202312100905040604,2023-12-10,2023,4,エフエイト,2021109016,0,7,3,0,0,1,0,0
2024010606010109,202401060601010907,2024-01-06,2024,7,サンセットクラウド,2019100668,0,7,3,0,0,1,0,1
2024012008010604,202401200801060402,2024-01-20,2024,2,オコタンペ,2021105849,0,7,3,0,0,1,0,0
2024012008010609,202401200801060901,2024-01-20,2024,1,ブエナオンダ,2021105454,0,7,3,0,0,1,0,1
2024012010010309,202401201001030902,2024-01-20,2024,2,シュークリーム,2021104404,0,7,3,0,0,1,0,0
2024012108010706,202401210801070605,2024-01-21,2024,5,エイカイソウル,2021105094,0,6,3,0,0,1,0,0
2024012708020106,202401270802010603,2024-01-27,2024,3,ムーム,2021103061,0,7,3,0,0,1,0,0
2024012708020108,202401270802010806,2024-01-27,2024,6,ヤマニンアストロン,2021106594,0,6,3,0,0,1,0,0
2024020405010407,202402040501040701,2024-02-04,2024,1,エープラス,2018106314,0,7,3,0,0,1,0,0
2024020408020401,202402040802040106,2024-02-04,2024,6,ウィンターガーデン,2021105857,0,7,3,0,0,1,0,0
2024020408020408,202402040802040803,2024-02-04,2024,3,マキシ,2020103666,0,7,3,0,0,1,0,1
2024021008020507,202402100802050705,2024-02-10,2024,5,ダノンペドロ,2020103453,0,7,3,0,0,1,0,0
2024022406020109,202402240602010902,2024-02-24,2024,2,リアレスト,2021105496,0,7,3,0,0,1,0,0
2024022509010207,202402250901020706,2024-02-25,2024,6,ワレハウミノコ,2020102831,0,7,3,0,0,1,0,0
2024030209010306,202403020901030603,2024-03-02,2024,3,テンカジョウ,2021102729,0,6,3,0,0,1,0,0
2024030309010407,202403030901040704,2024-03-03,2024,4,ジェモロジー,2020103560,0,6,3,0,0,1,0,0
2024030309010408,202403030901040806,2024-03-03,2024,6,ブラーヴイストワル,2021105422,0,7,3,0,0,1,0,0
2024030909010509,202403090901050905,2024-03-09,2024,5,モンブランミノル,2021100838,0,7,3,0,0,1,0,0
2024031607010307,202403160701030702,2024-03-16,2024,2,スズカキング,2017105614,0,6,3,0,0,1,0,0
2024031709010808,202403170901080807,2024-03-17,2024,7,ハイランドリンクス,2020103595,0,7,3,0,0,1,0,0
2024032309020109,202403230902010901,2024-03-23,2024,1,モモンウールー,2021105984,0,7,3,0,0,1,0,1
2024032309020110,202403230902011008,2024-03-23,2024,8,テラステラ,2020104083,0,7,3,0,0,1,0,1
2024032406030208,202403240603020804,2024-03-24,2024,4,ティンク,2021104994,0,7,3,0,0,1,0,0
2024033009020309,202403300902030902,2024-03-30,2024,2,オルトパラティウム,2021105056,0,7,3,0,0,1,0,0
2024041306030709,202404130603070906,2024-04-13,2024,6,レッドテリオス,2021105066,0,6,3,0,0,1,0,0
2024041409020806,202404140902080601,2024-04-14,2024,1,ペンナヴェローチェ,2021104092,0,7,3,0,0,1,0,0
2024042008030109,202404200803010906,2024-04-20,2024,6,テーオーダグラス,2021102246,0,7,3,0,0,1,0,0
2024050408030509,202405040803050904,2024-05-04,2024,4,トーアライデン,2020103168,0,7,3,0,0,1,0,1
2024051208030806,202405120803080605,2024-05-12,2024,5,アスターブジエ,2020103111,0,7,3,0,0,1,0,0
2024051208030809,202405120803080902,2024-05-12,2024,2,マルカブリッツ,2020103123,0,7,3,0,0,1,0,0
2024060108040108,202406010804010805,2024-06-01,2024,5,ストップザタイム,2019101873,0,7,3,0,0,1,0,0
2024060908040405,202406090804040503,2024-06-09,2024,3,ネーブルオレンジ,2022105431,0,7,3,0,0,1,0,0
2024061502010305,202406150201030507,2024-06-15,2024,7,ドゥアムール,2022106666,0,7,3,0,0,1,0,0
2024061502010306,202406150201030608,2024-06-15,2024,8,ユリ,2022106490,0,7,3,0,0,1,0,1
2024061602010405,202406160201040503,2024-06-16,2024,3,スリーピース,2022104972,0,7,3,0,0,1,0,0
2024061605030609,202406160503060907,2024-06-16,2024,7,オウケンボルト,2019103827,0,7,3,0,0,1,0,0
2024062202010505,202406220201050506,2024-06-22,2024,6,ミッドナイトゲイル,2022105724,0,7,3,0,0,1,0,0
2024062202010507,202406220201050707,2024-06-22,2024,7,ワンリオン,2019101446,0,7,3,0,0,1,0,0
2024062208040701,202406220804070102,2024-06-22,2024,2,ヴェーヌドール,2022105708,0,7,3,0,0,1,0,0
2024062302010605,202406230201060501,2024-06-23,2024,1,ブリッツアロング,2022102819,0,5,3,0,0,1,0,0
2024062902010701,202406290201070103,2024-06-29,2024,3,ラピッドグロウス,2022105363,0,5,3,0,0,1,0,0
2024062910030101,202406291003010104,2024-06-29,2024,4,ネーブルオレンジ,2022105431,0,7,3,0,0,1,0,1
2024063002010801,202406300201080101,2024-06-30,2024,1,ベルスバラード,2022100755,0,5,3,0,0,1,0,0
2024063003020201,202406300302020102,2024-06-30,2024,2,ショウナンバージ,2022105880,0,7,3,0,0,1,0,0
2024063010030206,202406301003020605,2024-06-30,2024,5,ストームレーン,2022105447,0,6,3,0,0,1,0,0
2024070602010901,202407060201090106,2024-07-06,2024,6,ティピティーナ,2022105376,0,7,3,0,0,1,0,0
2024070610030304,202407061003030406,2024-07-06,2024,6,ショウナンアーチー,2018100443,0,6,3,0,0,1,0,0
2024070610030305,202407061003030506,2024-07-06,2024,6,リアルフォルゴーレ,2022104222,0,6,3,0,0,1,0,0
2024070710030405,202407071003040504,2024-07-07,2024,4,ダノンシーマ,2022104645,0,7,3,0,0,1,0,0
2024070710030406,202407071003040601,2024-07-07,2024,1,サニーネイチャー,2022105818,0,7,3,0,0,1,0,0
2024071310030501,202407131003050101,2024-07-13,2024,1,マルモリマジック,2022102776,0,7,3,0,0,1,0,0
2024071310030505,202407131003050501,2024-07-13,2024,1,アイスモント,2022102931,0,7,3,0,0,1,0,0
2024071410030601,202407141003060104,2024-07-14,2024,4,ネッスンドルマ,2019100584,0,5,3,0,0,1,0,0
2024071410030605,202407141003060506,2024-07-14,2024,6,アロンディ,2022105827,0,7,3,0,0,1,0,0
2024072001010101,202407200101010103,2024-07-20,2024,3,ロードヴェルト,2022100639,0,5,3,0,0,1,0,0
2024072010030704,202407201003070406,2024-07-20,2024,6,カイトレッド,2017100641,0,7,3,0,0,1,0,0
2024072101010201,202407210101020103,2024-07-21,2024,3,モーニングスター,2022106335,0,7,3,0,0,1,0,0
2024072704020101,202407270402010104,2024-07-27,2024,4,バッケンレコード,2022102516,0,6,3,0,0,1,0,0
2024080304020302,202408030402030206,2024-08-03,2024,6,ミラーダカリエンテ,2022106803,0,7,3,0,0,1,0,0
2024081001020101,202408100102010101,2024-08-10,2024,1,ウインベラーノ,2022106231,0,7,3,0,0,1,0,0
2024081001020105,202408100102010506,2024-08-10,2024,6,レーヌマロン,2022100655,0,7,3,0,0,1,0,0
2024081007020104,202408100702010402,2024-08-10,2024,2,イクスプロージョン,2018105215,0,6,3,0,0,1,0,0
2024081101020201,202408110102020101,2024-08-11,2024,1,ラッキーカムカム,2022100412,0,7,3,0,0,1,0,0
2024081101020208,202408110102020805,2024-08-11,2024,5,エイシンキャプテン,2022102614,0,7,3,0,0,1,0,0
2024081807020403,202408180702040304,2024-08-18,2024,4,ウインポセイドン,2022101102,0,6,3,0,0,1,0,0
2024082401020501,202408240102050104,2024-08-24,2024,4,ラッキーカムカム,2022100412,0,7,3,0,0,1,0,0
2024082407020504,202408240702050404,2024-08-24,2024,4,メイショウハチク,2014103896,0,5,3,0,0,1,0,0
2024082501020601,202408250102060104,2024-08-25,2024,4,ルパヴィヨン,2022105279,0,7,3,0,0,1,0,0
2024082507020610,202408250702061001,2024-08-25,2024,1,マンデヴィラ,2020103629,0,7,3,0,0,1,0,0
2024083104030705,202408310403070504,2024-08-31,2024,4,ジュンアサヒソラ,2022105033,0,7,3,0,0,1,0,0
2024090104030805,202409010403080506,2024-09-01,2024,6,ウインバーテックス,2022103014,0,6,3,0,0,1,0,0
2024090104030809,202409010403080903,2024-09-01,2024,3,エールレヴリー,2020102738,0,7,3,0,0,1,0,0
2024090706040105,202409070604010503,2024-09-07,2024,3,エオアリイ,2022103222,0,7,3,0,0,1,0,0
2024090707030102,202409070703010205,2024-09-07,2024,5,アルムチャーチル,2022106567,0,7,3,0,0,1,0,1
2024090707030103,202409070703010305,2024-09-07,2024,5,ショウナンカゼルタ,2022103910,0,5,3,0,0,1,0,0
2024090807030203,202409080703020307,2024-09-08,2024,7,ラトラース,2022105194,0,7,3,0,0,1,0,0
2024090807030204,202409080703020405,2024-09-08,2024,5,テーオーエルビス,2022110081,0,7,3,0,0,1,0,0
2024090807030205,202409080703020501,2024-09-08,2024,1,シュパネントダイヤ,2022101036,0,7,3,0,0,1,0,0
2024091407030309,202409140703030902,2024-09-14,2024,2,ウィルサヴァイブ,2022104748,0,5,3,0,0,1,0,0
2024091606040501,202409160604050101,2024-09-16,2024,1,バーンパッション,2017104128,0,7,3,0,0,1,0,0
2024092107030608,202409210703060803,2024-09-21,2024,3,ワンモアスマイル,2022105590,0,5,3,0,0,1,0,0
2024100505040109,202410050504010901,2024-10-05,2024,1,シヴァース,2021105423,0,7,3,0,0,1,0,0
2024100505040111,202410050504011104,2024-10-05,2024,4,マイネルチケット,2022106768,0,7,3,0,0,1,0,0
2024100605040202,202410060504020203,2024-10-06,2024,3,ヴォンフレ,2022101227,0,7,3,0,0,1,0,0
2024101208050308,202410120805030802,2024-10-12,2024,2,バルティカ,2022105018,0,6,3,0,0,1,0,0
2024101308050408,202410130805040806,2024-10-13,2024,6,マックアルイーン,2022110014,0,6,3,0,0,1,0,0
2024101405040407,202410140504040704,2024-10-14,2024,4,ホウオウムサシ,2020103947,0,7,3,0,0,1,0,0
2024101904040506,202410190404050608,2024-10-19,2024,8,ゼンダンスカイ,2021106294,0,7,3,0,0,1,0,1
2024101905040503,202410190504050304,2024-10-19,2024,4,ニヴルヘイム,2022104761,0,7,3,0,0,1,0,0
2024101908050506,202410190805050605,2024-10-19,2024,5,ダイヤモンドレイン,2021105577,0,6,3,0,0,1,0,0
2024102004040604,202410200404060403,2024-10-20,2024,3,タロントゥーズ,2020102932,0,7,3,0,0,1,0,0
2024102605040710,202410260504071007,2024-10-26,2024,7,リッケンバッカー,2018103590,0,7,3,0,0,1,0,0
2024102608050708,202410260805070801,2024-10-26,2024,1,ジュンライデン,2022104899,0,6,3,0,0,1,0,0
2024102705040808,202410270504080804,2024-10-27,2024,4,ウィープディライト,2021105412,0,7,3,0,0,1,0,0
2024110205050112,202411020505011203,2024-11-02,2024,3,コレオグラファー,2020101921,0,7,3,0,0,1,0,0
2024110208060101,202411020806010103,2024-11-02,2024,3,デルマサクラサク,2022105343,0,7,3,0,0,1,0,0
2024110303030205,202411030303020505,2024-11-03,2024,5,サラフィエル,2019101464,0,7,3,0,0,1,0,0
2024110908060308,202411090806030805,2024-11-09,2024,5,オオキニ,2019100675,0,7,3,0,0,1,0,0
2024110908060311,202411090806031101,2024-11-09,2024,1,ダイシンラー,2022101562,0,7,3,0,0,1,0,0
2024110908060312,202411090806031205,2024-11-09,2024,5,リッチブラック,2019103816,0,6,3,0,0,1,0,0
2024111003030405,202411100303040504,2024-11-10,2024,4,サニーオーシャン,2018103296,0,6,3,0,0,1,0,0
2024111705050608,202411170505060804,2024-11-17,2024,4,ロンドボス,2022104988,0,7,3,0,0,1,0,0
2024113008070112,202411300807011203,2024-11-30,2024,3,サフィラ,2021105541,0,7,3,0,0,1,0,0
2024120107040209,202412010704020901,2024-12-01,2024,1,ネーブルオレンジ,2022105431,0,7,3,0,0,1,0,0
2024120108070206,202412010807020601,2024-12-01,2024,1,タイセイバンクール,2022104404,0,7,3,0,0,1,0,0
2024120708070302,202412070807030204,2024-12-07,2024,4,スーパージョック,2022103733,0,7,3,0,0,1,0,0
2024120708070309,202412070807030907,2024-12-07,2024,7,イガッチ,2022100699,0,7,3,0,0,1,0,0
2024121507040609,202412150704060905,2024-12-15,2024,5,クニノハッピー,2022105990,0,7,3,0,0,1,0,0
2025011107010306,202501110701030601,2025-01-11,2025,1,セディバン,2022102770,0,7,3,0,0,1,0,0
2025012506010806,202501250601080605,2025-01-25,2025,5,タマモトリノ,2022106199,0,6,3,0,0,1,0,0
2025012510010105,202501251001010505,2025-01-25,2025,5,レディステディゴー,2018104865,0,7,3,0,0,1,0,0
2025020105010110,202502010501011001,2025-02-01,2025,1,プリティディーヴァ,2022110015,0,7,3,0,0,1,0,0
2025020208010204,202502020801020403,2025-02-02,2025,3,トゥロン,2022105808,0,7,3,0,0,1,0,0
2025020208010210,202502020801021002,2025-02-02,2025,2,ミステリーウェイ,2018104638,0,7,3,0,0,1,0,0
2025021508010509,202502150801050907,2025-02-15,2025,7,アイサンサン,2022103875,0,6,3,0,0,1,0,0
2025033006030209,202503300603020904,2025-03-30,2025,4,オデット,2022101925,0,7,3,0,0,1,0,0
2025033007020608,202503300702060806,2025-03-30,2025,6,ロットブラータ,2022104688,0,7,3,0,0,1,0,0
2025040506030309,202504050603030904,2025-04-05,2025,4,フィーリウス,2022105175,0,7,3,0,0,1,0,0
2025040509020306,202504050902030605,2025-04-05,2025,5,アラナコア,2021103002,0,7,3,0,0,1,0,1
2025041309020607,202504130902060706,2025-04-13,2025,6,アルトゥーム,2021105746,0,7,3,0,0,1,0,0
2025041909020705,202504190902070504,2025-04-19,2025,4,メディテラニアン,2022105068,0,7,3,0,0,1,0,0
2025042608020108,202504260802010801,2025-04-26,2025,1,トリポリタニア,2022104928,0,7,3,0,0,1,0,0
2025050305020306,202505030502030603,2025-05-03,2025,3,パストラーレ,2021106068,0,6,3,0,0,1,0,0
2025050305020308,202505030502030805,2025-05-03,2025,5,バレンタインガール,2021102577,0,7,3,0,0,1,0,0
2025050308020309,202505030802030906,2025-05-03,2025,6,エバーグルーヴ,2022105032,0,6,3,0,0,1,0,0
2025050408020406,202505040802040601,2025-05-04,2025,1,スナークメモリー,2020105167,0,7,3,0,0,1,0,0
2025050408020408,202505040802040806,2025-05-04,2025,6,タケトンボ,2019101007,0,7,3,0,0,1,0,0
2025051105020607,202505110502060704,2025-05-11,2025,4,ピンキープロミス,2020106475,0,5,3,0,0,1,0,0
2025052508021008,202505250802100807,2025-05-25,2025,7,サンライズエース,2019103907,0,7,3,0,0,1,0,0
2025053108021107,202505310802110705,2025-05-31,2025,5,エコテーラー,2021101116,0,6,3,0,0,1,0,0
2025061409030308,202506140903030806,2025-06-14,2025,6,ダノンシーマ,2022104645,0,6,3,0,0,1,0,0
2025062803020107,202506280302010702,2025-06-28,2025,2,エデルクローネ,2022104774,0,7,3,0,0,1,0,0
2025062810020102,202506281002010203,2025-06-28,2025,3,エボニードール,2023102889,0,6,3,0,0,1,0,0
2025062810020110,202506281002011004,2025-06-28,2025,4,バレルターン,2021104906,0,6,3,0,0,1,0,0
2025062903020206,202506290302020607,2025-06-29,2025,7,セイウンアインス,2023106256,0,7,3,0,0,1,0,0
2025070502010705,202507050201070505,2025-07-05,2025,5,アッチョンブリケ,2023107504,0,7,3,0,0,1,0,0
2025070503020305,202507050302030501,2025-07-05,2025,1,ルクスアンジュ,2023101626,0,7,3,0,0,1,0,0
2025070510020301,202507051002030104,2025-07-05,2025,4,アクティングエリア,2023109090,0,5,3,0,0,1,0,0
2025070602010805,202507060201080506,2025-07-06,2025,6,ティブロン,2023105139,0,6,3,0,0,1,0,0
2025070610020406,202507061002040601,2025-07-06,2025,1,コパノロケット,2023102877,0,5,3,0,0,1,0,0
2025070610020410,202507061002041004,2025-07-06,2025,4,サイモンルモンド,2017106722,0,7,3,0,0,1,0,0
2025071202010905,202507120201090501,2025-07-12,2025,1,ヴィラジョヴィス,2023103901,0,7,3,0,0,1,0,0
2025071210020504,202507121002050405,2025-07-12,2025,5,アサクサゲンキ,2015110032,0,7,3,0,0,1,0,0
2025071302011005,202507130201100501,2025-07-13,2025,1,モズプリフォール,2023105738,0,7,3,0,0,1,0,0
2025072003020803,202507200302080302,2025-07-20,2025,2,フェイスリフト,2023106605,0,6,3,0,0,1,0,0
2025072601010108,202507260101010804,2025-07-26,2025,4,マイネルフーガ,2022106813,0,5,3,0,0,1,0,0
2025072607030103,202507260703010304,2025-07-26,2025,4,シャローアロス,2023103297,0,6,3,0,0,1,0,0
2025072607030108,202507260703010804,2025-07-26,2025,4,チカミリオン,2021103225,0,7,3,0,0,1,0,0
2025072701010205,202507270101020501,2025-07-27,2025,1,マリノリュミエール,2023100794,0,6,3,0,0,1,0,0
2025072704020201,202507270402020103,2025-07-27,2025,3,バーヴァンシー,2023104394,0,7,3,0,0,1,0,0
2025072704020202,202507270402020201,2025-07-27,2025,1,パンジー,2023106589,0,6,3,0,0,1,0,0
2025072707030203,202507270703020305,2025-07-27,2025,5,クールドリオン,2023100281,0,6,3,0,0,1,0,0
2025072707030208,202507270703020804,2025-07-27,2025,4,ピエタンツァ,2022105386,0,7,3,0,0,1,0,0
2025080201010306,202508020101030606,2025-08-02,2025,6,ミルフルール,2021100614,0,7,3,0,0,1,0,0
2025080207030301,202508020703030103,2025-08-02,2025,3,リトゥリア,2023103981,0,5,3,0,0,1,0,0
2025080207030302,202508020703030203,2025-08-02,2025,3,ダンシングドール,2023106127,0,7,3,0,0,1,0,0
2025080301010405,202508030101040506,2025-08-03,2025,6,グロリアスマーチ,2023103680,0,7,3,0,0,1,0,1
2025080301010412,202508030101041205,2025-08-03,2025,5,カーミングライツ,2022104725,0,7,3,0,0,1,0,1
2025080304020403,202508030402040301,2025-08-03,2025,1,マイネルヴェーゼン,2023106471,0,6,3,0,0,1,0,0
2025080304020406,202508030402040603,2025-08-03,2025,3,ナイトスラッガー,2021101603,0,5,3,0,0,1,0,0
2025080307030401,202508030703040101,2025-08-03,2025,1,モンドシュピーゲル,2023110024,0,5,3,0,0,1,0,0
2025080307030403,202508030703040307,2025-08-03,2025,7,エルナト,2023106930,0,7,3,0,0,1,0,0
2025080907030508,202508090703050803,2025-08-09,2025,3,デルシエロ,2021103520,0,7,3,0,0,1,0,0
2025081601010701,202508160101070103,2025-08-16,2025,3,エバーシャンティ,2023106919,0,7,3,0,0,1,0,0
2025081701010805,202508170101080504,2025-08-17,2025,4,ショウナンバーボン,2023106620,0,5,3,0,0,1,0,0
2025081707030801,202508170703080102,2025-08-17,2025,2,ビアリッツ,2023102697,0,7,3,0,0,1,0,0
2025081707030808,202508170703080804,2025-08-17,2025,4,タマモランプ,2021101557,0,6,3,0,0,1,0,0
2025082301020112,202508230102011202,2025-08-23,2025,2,リーゼノアール,2020104750,0,6,3,0,0,1,0,0
2025082304030101,202508230403010105,2025-08-23,2025,5,ブルージェネシス,2023101798,0,6,3,0,0,1,0,0
2025082307040101,202508230704010102,2025-08-23,2025,2,クラウンセト,2019101488,0,6,3,0,0,1,0,0
2025082307040109,202508230704010902,2025-08-23,2025,2,ラブカ,2021101003,0,6,3,0,0,1,0,0
2025082307040112,202508230704011206,2025-08-23,2025,6,ソングコレクター,2022110143,0,7,3,0,0,1,0,0
2025082404030201,202508240403020106,2025-08-24,2025,6,マルターズドン,2023100626,0,7,3,0,0,1,0,0
2025082407040205,202508240704020504,2025-08-24,2025,4,フィラーエ,2023102025,0,5,3,0,0,1,0,0
2025082407040207,202508240704020701,2025-08-24,2025,1,ポルトドール,2020102728,0,7,3,0,0,1,0,0
2025083001020302,202508300102030201,2025-08-30,2025,1,ショウナンバーボン,2023106620,0,7,3,0,0,1,0,0
2025083107040405,202508310704040506,2025-08-31,2025,6,マジカルアメジスト,2023107076,0,7,3,0,0,1,0,0
2025090606040108,202509060604010806,2025-09-06,2025,6,ツインクルステージ,2021103512,0,7,3,0,0,1,0,0
2025090606040110,202509060604011005,2025-09-06,2025,5,ラレーヌデリス,2020103696,0,7,3,0,0,1,0,1
2025090609040102,202509060904010202,2025-09-06,2025,2,ライツェントライゼ,2023106414,0,5,3,0,0,1,0,0
2025090709040201,202509070904020104,2025-09-07,2025,4,グランワールド,2023101572,0,7,3,0,0,1,0,0
2025090709040202,202509070904020204,2025-09-07,2025,4,パトローナス,2023106931,0,7,3,0,0,1,0,0
2025090709040205,202509070904020505,2025-09-07,2025,5,ソルトハッピー,2023100217,0,6,3,0,0,1,0,0
2025090709040208,202509070904020801,2025-09-07,2025,1,レッドベルアーム,2019105544,0,5,3,0,0,1,0,0
2025091309040303,202509130904030303,2025-09-13,2025,3,ブラックコーラル,2023106838,0,5,3,0,0,1,0,0
2025091309040308,202509130904030805,2025-09-13,2025,5,ヘルツアス,2021105985,0,6,3,0,0,1,0,0
2025091409040405,202509140904040501,2025-09-14,2025,1,プレイザリード,2023103471,0,7,3,0,0,1,0,0
2025091509040501,202509150904050102,2025-09-15,2025,2,テーオーリカード,2020106884,0,7,3,0,0,1,0,0
2025091509040503,202509150904050302,2025-09-15,2025,2,ジーモンスター,2023105980,0,5,3,0,0,1,0,0
2025092009040602,202509200904060204,2025-09-20,2025,4,ライツェントライゼ,2023106414,0,7,3,0,0,1,0,0
2025092009040608,202509200904060802,2025-09-20,2025,2,ブライトフレア,2023103388,0,6,3,0,0,1,0,0
2025092009040610,202509200904061007,2025-09-20,2025,7,スターリングアップ,2021105102,0,7,3,0,0,1,0,0
2025100508030202,202510050803020203,2025-10-05,2025,3,シャローアロス,2023103297,0,7,3,0,0,1,0,0
2025101108030303,202510110803030306,2025-10-11,2025,6,イルミナジーティー,2023106872,0,6,3,0,0,1,0,0
2025101108030308,202510110803030802,2025-10-11,2025,2,ユメシルベ,2023106412,0,7,3,0,0,1,0,0
2025101208030402,202510120803040201,2025-10-12,2025,1,マシン,2023105387,0,7,3,0,0,1,0,0
2025101305040508,202510130504050803,2025-10-13,2025,3,マテンロウダビンチ,2023110072,0,7,3,0,0,1,0,0
2025101805040608,202510180504060802,2025-10-18,2025,2,ヴァリディシームス,2022105769,0,7,3,0,0,1,0,1
2025101805040609,202510180504060903,2025-10-18,2025,3,モノポリオ,2023107251,0,7,3,0,0,1,0,0
2025101808030603,202510180803060302,2025-10-18,2025,2,クラウンインジエア,2023100814,0,7,3,0,0,1,0,0
2025101808030608,202510180803060807,2025-10-18,2025,7,テーオーグレーザー,2023104562,0,7,3,0,0,1,0,0
2025101908030702,202510190803070202,2025-10-19,2025,2,ダンツウルス,2023102901,0,6,3,0,0,1,0,0
2025101908030709,202510190803070901,2025-10-19,2025,1,ファニーバニー,2023105277,0,7,3,0,0,1,0,0
2025110205041108,202511020504110804,2025-11-02,2025,4,コスモエルヴァル,2023106426,0,5,3,0,0,1,0,0
2025110208031102,202511020803110204,2025-11-02,2025,4,ロングホリデー,2023100288,0,7,3,0,0,1,0,0
2025110905050205,202511090505020505,2025-11-09,2025,5,クオンタムスター,2023101050,0,6,3,0,0,1,0,0
2025110908040207,202511090804020703,2025-11-09,2025,3,クルミナーレ,2021105503,0,7,3,0,0,1,0,0
2025111508040308,202511150804030801,2025-11-15,2025,1,サクソンジェンヌ,2021106993,0,7,3,0,0,1,0,0
2025112308040604,202511230804060405,2025-11-23,2025,5,ブルーメサンライズ,2023101573,0,7,3,0,0,1,0,0
2025120706050206,202512070605020603,2025-12-07,2025,3,クイーンレグナント,2023101106,0,6,3,0,0,1,0,0
2025121309050305,202512130905030502,2025-12-13,2025,2,サガルマータ,2023105286,0,7,3,0,0,1,0,0
2025121409050405,202512140905040504,2025-12-14,2025,4,ブラックシャリマー,2023103246,0,6,3,0,0,1,0,0
2025121409050406,202512140905040602,2025-12-14,2025,2,カネコメブライト,2023100014,0,7,3,0,0,1,0,0
2026010408010106,202601040801010603,2026-01-04,2026,3,ウィズクィーン,2023103417,0,7,3,0,0,1,0,0
2026012410010108,202601241001010804,2026-01-24,2026,4,シドニーホバート,2022105506,0,7,3,0,0,1,0,0
2026020108020212,202602010802021201,2026-02-01,2026,1,サクラオーラ,2019106280,0,7,3,0,0,1,0,0
2026021005010409,202602100501040901,2026-02-10,2026,1,ガローファノ,2023107107,0,7,3,0,0,1,0,0
2026021510010809,202602151001080901,2026-02-15,2026,1,ファミリーツリー,2021106642,0,7,3,0,0,1,0,0
2026022105010709,202602210501070905,2026-02-21,2026,5,カムアップローゼス,2023104386,0,7,3,0,0,1,0,0
2026022109010108,202602210901010803,2026-02-21,2026,3,ノチェセラーダ,2023107143,0,7,3,0,0,1,0,0
2026030809010609,202603080901060901,2026-03-08,2026,1,カレントゥルーシー,2023100553,0,6,3,0,0,1,0,0
2026031509010809,202603150901080907,2026-03-15,2026,7,ヴァロンブローサ,2023106902,0,7,3,0,0,1,0,0
2026032809020109,202603280902010903,2026-03-28,2026,3,トリニティ,2023103492,0,7,3,0,0,1,0,0
2026032809020111,202603280902011102,2026-03-28,2026,2,カフジエメンタール,2023103899,0,7,3,0,0,1,0,0
2026032906030209,202603290603020905,2026-03-29,2026,5,ランザワールド,2023107164,0,7,3,0,0,1,0,0
2026032907010608,202603290701060804,2026-03-29,2026,4,スタニングレディ,2023106469,0,7,3,0,0,1,0,0
2026032909020208,202603290902020807,2026-03-29,2026,7,キタサンハナビラ,2022104914,0,7,3,0,0,1,0,0
2026041106030509,202604110603050903,2026-04-11,2026,3,ソングオブザバード,2023100503,0,7,3,0,0,1,0,0
2026041806030706,202604180603070605,2026-04-18,2026,5,タッセルノット,2023107121,0,6,3,0,0,1,0,0
2026041809020705,202604180902070506,2026-04-18,2026,6,エチゴドラゴン,2023102810,0,5,3,0,0,1,0,0
2026041906030806,202604190603080601,2026-04-19,2026,1,ショウナンパトス,2023105771,0,6,3,0,0,1,0,0
2026042508030108,202604250803010803,2026-04-25,2026,3,キシダンチョウ,2023106960,0,6,3,0,0,1,0,0
2026050205020306,202605020502030603,2026-05-02,2026,3,ポッポノフェスタ,2022105614,0,7,3,0,0,1,0,0
2026051608030708,202605160803070803,2026-05-16,2026,3,メイショウアツイタ,2018105731,0,6,3,0,0,1,0,0
2026060605030104,202606060503010405,2026-06-06,2026,5,オオセイケイ,2024100482,0,7,3,0,0,1,0,0
2026060609030105,202606060903010506,2026-06-06,2026,6,エコロラーダ,2024105967,0,6,3,0,0,1,0,0
